PlantID,BILs PW(kg),BILs GY(kg),BILs RY(kg),BILs TY(kg),BILs FW(gr),BILs Brix(%),BILH PW(kg),BILH GY(kg),BILH RY(kg),BILH TY(kg),BILH FW(gr),BILH Brix(%)
p-1-1,3.0,,0.1,0.298,24.75,4.4,1.86,0.34,3.36,3.8,36.0,7.1
p-10-1,1.06,0.12,0.54,0.872,21.2,6.0,1.88,0.34,5.02,5.69,66.0,6.4
p-1000-1,1.7,0.5,1.9,2.622,22.2,9.0,,,,,,
p-1001-1,0.55,,3.35,3.916,56.6,5.6,0.4,0.05,3.2,3.622,74.4,5.6
p-1003-1,1.0,,,0.024,4.0,8.0,0.75,0.45,2.05,2.786,57.2,6.5
p-1004-2,0.84,,1.64,2.232,59.2,6.8,1.75,0.3,2.0,2.54,48.0,7.5
p-1007-2,0.54,0.18,0.52,1.21,46.36363636,7.1,0.9,0.25,3.4,4.365,143.0,6.7
p-1008-1,1.54,0.42,,0.684,24.0,6.6,1.1,0.15,1.45,1.82,44.0,6.5
p-1009-1,0.22,0.2,0.32,0.766,20.5,8.6,0.7,0.15,3.0,3.75,120.0,6.4
p-101-1,0.7,,1.2,1.398,19.8,5.9,0.65,,3.5,3.82,64.0,5.1
p-1010-1,2.44,0.66,2.26,3.436,51.6,7.1,2.35,0.4,2.95,3.722,74.4,6.5
p-1011-1,1.12,,1.36,1.884,52.4,5.7,0.1,0.15,,0.15,,
p-1012-1,0.9,0.46,3.0,3.946,48.6,5.0,1.45,0.5,3.85,5.195,169.0,6.7
p-1013-1,1.7,0.18,0.5,1.018,30.72727273,7.6,,,,,,
p-1014-1,2.5,,0.06,0.274,23.77777778,7.6,2.65,0.55,4.45,5.274,45.66666667,5.7
p-1018-2,1.55,,,,,,1.75,0.25,3.15,3.73,66.0,6.6
p-1019-1,4.8,,,0.096,13.71428571,8.8,2.0,0.55,2.1,3.555,181.0,5.9
p-102-2,1.15,,,0.012,12.0,4.4,0.95,0.4,3.25,4.065,83.0,5.1
p-1020-1,2.58,0.46,0.72,1.438,25.8,7.9,1.7,0.85,2.3,3.398,49.6,5.7
p-1021-1,0.48,,1.12,1.12,,,,,,,,
p-1022-1,1.92,,0.34,0.34,,,2.9,0.65,3.7,4.72,74.0,6.5
p-1023-1,1.98,0.76,3.18,4.252,31.2,6.8,1.35,0.5,3.3,3.978,35.6,6.0
p-1024-2,0.94,,2.12,2.602,48.2,6.3,,,,,,
p-1025-1,1.02,0.28,1.46,2.276,53.6,6.4,1.1,0.3,3.5,4.064,52.8,6.3
p-1026-2,0.8,,,,,,2.05,1.0,4.4,5.682,70.5,6.4
p-1028-1,2.7,0.18,0.56,1.096,35.6,7.6,,,,,,
p-1029-2,0.36,0.18,0.16,0.584,24.4,7.9,1.06,0.16,2.52,2.888,41.6,6.8
p-103-2,2.2,0.1,0.68,1.022,24.2,5.3,,,,,,
p-1030-1,1.35,0.15,2.6,3.082,33.2,5.6,1.08,0.12,3.6,4.02,60.0,5.4
p-1031-1,0.86,0.14,3.16,3.686,38.6,6.5,1.2,0.56,3.48,4.382,68.4,5.3
p-1032-1,0.64,,,0.09,9.0,8.9,4.48,0.38,1.38,1.964,40.8,6.8
p-1033-1,3.14,0.32,0.32,0.654,7.0,,0.95,0.2,3.15,3.758,81.6,6.6
p-1034-2,2.2,0.3,2.8,3.468,36.8,6.8,1.35,0.3,2.9,3.478,55.6,6.0
p-1035-1,0.85,0.2,3.9,4.632,44.33333333,5.9,0.8,0.24,4.3,4.918,63.0,5.7
p-1036-2,0.25,,0.05,0.26,19.09090909,4.7,1.1,0.4,3.45,4.112,52.4,6.3
p-1038-2,2.75,,,,,,2.0,0.35,1.95,3.025,145.0,7.1
p-1039-1,1.45,,,0.014,7.0,9.1,2.1,0.65,4.05,4.964,52.8,6.3
p-104-2,2.4,,0.2,0.388,18.8,5.8,2.55,0.6,5.4,6.2,50.8,6.1
p-1040-1,0.85,,0.05,0.264,21.4,7.8,1.0,0.3,2.4,3.625,185.0,6.5
p-1042-2,1.2,,0.45,0.692,18.61538462,6.4,0.7,,2.5,2.728,45.6,5.8
p-1043-1,1.35,,0.2,0.4,16.66666667,5.5,0.92,0.18,1.02,1.392,38.4,6.4
p-1044-1,1.75,0.25,2.0,2.654,31.07692308,6.4,1.2,0.3,2.1,2.722,64.4,6.2
p-1045-1,1.2,0.1,1.35,1.45,,,0.56,0.16,2.02,2.424,48.8,6.6
p-1046-1,0.55,,3.7,4.204,45.81818182,5.4,1.38,,5.37,5.626,51.2,5.9
p-1047-1,1.1,,,,,,1.86,0.24,2.52,5.329,51.38,6.2
p-1049-1,0.7,0.1,2.4,2.94,40.0,5.2,0.58,,2.38,2.636,51.2,5.2
p-105-1,0.75,,3.5,4.01,51.0,,1.1,,6.05,6.05,64.8,5.6
p-1050-1,0.4,,2.1,2.57,52.22222222,5.4,1.06,,2.2,2.58,76.0,4.6
p-1052-1,0.65,,4.45,5.058,60.8,5.3,0.9,0.5,3.14,3.92,56.0,5.5
p-1053-1,0.9,,0.15,0.342,19.2,7.3,1.45,0.5,4.3,5.12,64.0,5.8
p-1054-1,0.9,,5.0,5.5,50.0,4.9,1.4,0.5,5.8,6.3,64.8,5.2
p-1057-1,4.7,,0.2,0.368,18.66666667,7.0,1.6,0.7,4.15,5.054,40.8,5.9
p-1058-2,0.7,,0.1,0.278,17.8,4.0,1.44,0.28,4.36,4.942,60.4,5.3
p-1059-1,1.9,0.25,3.85,4.64,54.0,5.9,0.85,0.05,1.9,2.228,55.6,8.2
p-106-2,2.0,0.45,1.55,2.456,45.6,7.2,0.65,,1.0,1.194,38.8,6.5
p-1060-1,1.35,,1.6,2.076,47.6,5.6,1.76,0.76,3.82,4.92,68.0,6.0
p-1062-1,1.45,0.05,1.6,2.02,37.0,7.0,1.35,0.4,2.5,3.184,56.8,7.0
p-1064-1,0.1,,,0.03,10.0,8.3,0.74,0.38,2.88,3.524,52.8,5.4
p-1065-2,2.1,,0.4,0.732,33.2,5.1,1.2,0.35,2.95,4.03,146.0,5.4
p-1066-1,2.25,,0.05,0.05,,,1.2,0.3,3.75,4.516,66.57142857,6.6
p-1067-1,1.2,0.25,0.2,0.564,22.8,4.4,2.22,1.96,3.58,5.782,48.4,5.9
p-1068-1,1.35,0.55,0.7,1.57,32.0,7.6,1.65,0.65,2.95,3.9,60.0,6.7
p-1069-2,0.8,0.55,0.45,1.15,25.0,8.2,0.95,0.2,2.4,2.972,74.4,6.6
p-107-1,0.6,,0.3,0.55,27.77777778,6.0,0.35,,1.4,1.646,49.2,6.1
p-1070-1,3.15,,0.05,0.05,,,1.9,0.3,3.5,4.018,43.6,8.4
p-1071-2,2.82,,,0.054,27.0,4.5,1.5,0.08,0.72,0.9,20.0,
p-1073-1,1.4,0.2,3.85,4.682,63.2,5.5,1.28,0.2,4.04,4.562,64.4,5.8
p-1074-2,1.9,0.35,0.45,0.996,17.81818182,9.7,1.8,1.0,3.6,4.872,54.4,7.3
p-1075-1,0.85,,0.3,0.528,20.72727273,6.5,0.5,,0.32,0.418,19.6,8.0
p-1076-1,2.85,,,,,,1.45,0.9,2.1,3.296,59.2,7.7
p-1077-1,0.7,,0.3,0.538,21.63636364,6.3,0.75,,0.5,0.896,79.2,6.1
p-1078-1,1.25,0.35,3.3,4.424,59.53846154,5.6,,,,,,
p-1079-1,1.6,0.2,0.15,0.52,21.25,7.5,,,,,,
p-108-1,0.48,,,,,,1.68,0.14,2.24,2.762,76.4,7.0
p-1080-1,0.45,0.15,0.35,0.66,16.0,10.4,1.55,0.8,2.55,3.562,42.4,6.0
p-1081-1,6.4,1.0,5.8,6.8,,7.7,2.3,2.6,1.4,4.242,48.4,7.3
p-1082-1,0.65,0.05,1.9,2.194,22.18181818,6.0,0.32,,0.66,0.844,36.8,6.3
p-1083-1,1.0,0.25,1.55,2.118,31.8,6.5,1.65,0.2,1.45,1.832,36.4,6.3
p-1084-1,1.55,0.65,1.75,2.818,46.44444444,5.9,2.6,2.25,4.4,7.092,88.4,5.8
p-1085-1,1.2,0.4,4.25,5.126,47.6,6.4,1.05,0.5,1.7,2.61,68.33333333,6.3
p-1086-1,0.95,0.4,3.45,4.258,40.8,7.0,0.35,,0.65,0.82,34.0,6.5
p-1087-1,1.2,,2.7,3.312,55.63636364,5.4,2.1,0.7,6.6,7.858,111.6,5.1
p-1089-1,0.3,,,,,,1.3,0.6,4.3,5.192,58.4,5.9
p-109-1,0.65,,1.2,1.522,32.2,4.1,1.45,0.35,3.8,4.38,46.0,5.9
p-1091-1,1.05,,1.1,1.392,22.46153846,6.8,1.0,,0.9,1.106,41.2,4.4
p-1092-1,4.3,1.8,1.75,3.928,37.8,7.2,1.8,0.55,1.95,2.746,49.2,6.1
p-1093-1,0.9,,2.6,3.054,45.4,6.3,0.5,,0.05,0.166,23.2,5.1
p-1094-1,0.8,,0.5,0.526,26.0,6.6,0.4,0.4,0.6,1.114,28.5,6.8
p-1095-1,1.2,0.45,3.9,4.97,56.36363636,6.3,1.35,0.25,4.0,4.87,124.0,
p-1096-2,2.55,0.1,,0.356,28.44444444,7.3,,,,,,
p-1097-1,3.5,0.64,6.0,6.994,35.4,6.4,,,,,,
p-1098-1,0.5,0.1,0.54,0.842,22.44444444,8.6,0.3,0.08,0.6,1.015,67.0,7.2
p-1099-1,2.04,0.62,1.42,2.338,37.25,6.2,3.8,1.38,4.76,6.815,135.0,6.9
p-11-1,2.14,0.24,5.3,5.95,45.55555556,6.0,1.56,0.15,5.32,5.694,44.8,6.1
p-110-2,1.3,0.55,3.0,4.12,57.0,6.3,1.9,0.65,4.1,5.192,73.66666667,5.9
p-1100-1,1.0,,2.7,3.17,47.0,7.0,0.8,0.15,4.0,4.518,73.6,7.1
p-1101-1,2.25,0.35,0.35,0.954,23.09090909,7.6,0.7,,0.4,0.578,35.6,7.0
p-1102-1,1.55,,,0.038,38.0,10.4,1.05,0.55,2.6,3.374,44.8,6.9
p-1104-2,1.1,0.2,0.75,1.118,14.0,4.6,2.3,0.5,0.95,1.672,44.4,6.8
p-1108-1,1.1,,,0.04,4.0,11.6,1.9,0.5,1.1,1.816,43.2,8.8
p-1109-1,1.95,0.35,0.5,1.162,34.66666667,6.8,1.0,0.2,1.4,1.904,60.8,6.5
p-111-1,0.32,,1.02,1.358,33.8,4.4,0.3,,2.9,3.086,37.2,5.9
p-1111-1,0.7,,,0.006,3.0,,1.68,1.12,4.14,5.432,34.4,5.8
p-1113-2,2.6,0.25,,0.456,20.6,6.8,0.8,0.1,0.4,0.648,29.6,6.0
p-1114-1,2.45,,1.4,1.636,23.6,6.7,1.15,0.2,2.8,3.216,43.2,6.9
p-1115-1,0.3,0.4,0.95,1.61,23.63636364,7.0,1.9,1.1,3.8,5.475,115.0,5.3
p-1116-2,0.65,,0.7,1.07,37.0,6.3,1.45,0.6,3.1,3.99,58.0,5.6
p-1117-1,3.5,,1.5,1.5,,,2.8,2.4,3.1,5.778,55.6,6.1
p-1118-1,0.75,0.15,0.85,1.342,34.2,5.5,1.96,0.3,4.04,4.568,45.6,6.4
p-1119-1,2.1,,0.2,0.2,,,1.7,0.1,1.95,2.515,93.0,6.6
p-112-2,1.86,0.08,,0.164,28.0,4.6,1.45,0.15,2.7,3.086,47.2,6.6
p-1120-1,0.1,,,0.006,6.0,,1.15,,4.3,5.3,200.0,5.5
p-1121-1,0.65,,0.45,0.846,36.0,7.0,0.5,,1.2,1.7,100.0,7.5
p-1122-1,3.3,,0.85,1.002,15.2,7.6,,,,,,
p-1123-1,1.1,,,0.032,10.66666667,5.7,1.0,0.2,3.1,3.58,56.0,7.0
p-1124-1,0.5,,1.25,1.568,26.5,5.7,0.8,0.3,3.4,4.2,100.0,5.7
p-1126-1,0.45,0.25,,0.664,37.63636364,6.0,0.4,,0.3,0.59,96.66666667,6.8
p-1127-1,0.85,0.2,1.5,2.174,47.4,6.2,0.7,,1.9,2.545,129.0,6.8
p-1128-2,1.0,0.15,1.1,1.75,50.0,6.3,1.3,0.7,4.3,5.625,125.0,5.9
p-113-2,0.06,,0.06,0.234,17.4,6.8,0.7,0.05,0.7,0.888,27.6,6.2
p-1130-1,3.3,0.06,0.52,0.762,18.2,7.2,2.0,2.1,1.0,3.635,107.0,6.2
p-1131-1,2.6,0.24,2.9,3.44,27.27272727,6.7,1.75,1.1,3.5,4.894,58.8,6.0
p-1132-1,1.43,,0.18,0.442,26.2,6.5,1.0,0.5,1.1,1.84,48.0,5.2
p-1133-1,0.88,,,0.44,48.88888889,9.0,2.25,0.4,3.1,3.704,40.8,6.2
p-1134-2,1.45,0.15,,0.162,6.0,9.1,1.55,0.5,4.1,4.918,63.6,6.7
p-1135-1,2.45,0.85,0.45,1.482,18.2,9.2,1.0,,0.9,1.082,36.4,7.3
p-1136-1,3.1,0.4,0.2,0.832,21.09090909,8.6,1.45,0.45,2.4,3.098,49.6,7.1
p-1137-1,1.68,0.42,0.34,1.074,31.4,7.4,1.95,1.65,0.9,2.938,77.6,6.7
p-1139-1,2.68,0.1,0.1,0.362,16.2,6.2,2.78,0.6,2.14,3.11,74.0,7.1
p-114-2,2.22,0.08,2.1,2.768,58.8,4.6,0.75,,0.65,0.79,28.0,6.4
p-1140-1,1.7,0.4,1.0,1.776,37.6,6.4,0.66,0.14,2.28,3.025,121.0,6.6
p-1143-1,3.4,,,,,,1.55,0.5,1.25,2.014,52.8,7.5
p-1145-2,1.0,,1.15,1.466,28.72727273,6.3,0.8,0.1,3.1,3.494,58.8,6.5
p-1146-1,2.5,0.5,1.95,2.974,58.22222222,6.3,1.15,0.2,3.2,3.822,84.4,7.0
p-1147-1,2.0,0.16,0.3,0.826,33.27272727,8.0,2.24,0.6,2.54,3.935,159.0,6.6
p-1148-1,4.5,,,0.082,20.5,9.7,4.2,1.18,1.64,3.235,83.0,7.3
p-1149-2,1.4,,1.5,1.886,38.6,7.1,1.34,0.44,2.88,4.185,173.0,6.4
p-1151-2,1.22,,,0.062,15.5,6.7,1.94,0.2,4.26,4.99,106.0,6.2
p-1152-2,1.6,1.2,,1.29,10.0,,1.14,0.18,3.24,3.716,59.2,6.7
p-1153-2,0.8,0.2,0.96,1.628,36.0,7.5,0.7,0.16,0.86,1.21,38.0,7.0
p-1155-1,2.9,0.8,0.95,2.226,47.6,5.6,0.7,0.14,0.88,1.22,40.0,7.1
p-1156-1,1.04,0.1,0.3,0.634,21.27272727,10.2,0.48,0.16,1.06,1.71,98.0,7.7
p-1157-1,0.46,0.24,1.22,1.764,25.33333333,8.2,0.94,0.18,2.8,3.308,65.6,7.1
p-1158-2,1.6,0.14,,0.244,17.33333333,6.6,,,,,,
p-1159-1,1.46,0.16,0.56,1.044,29.45454545,6.9,0.72,0.06,1.7,2.315,111.0,7.2
p-1161-1,0.8,0.04,0.2,0.346,8.153846154,5.8,1.6,0.6,5.1,5.93,46.0,6.4
p-1162-1,1.08,0.1,1.82,1.92,,,1.68,0.34,4.9,5.61,74.0,5.7
p-1163-1,0.95,,0.1,0.56,57.5,6.4,1.4,0.65,3.65,4.616,63.2,7.2
p-1164-2,1.02,0.1,,0.338,34.0,4.7,3.62,,,,,
p-1165-1,1.4,0.5,0.7,1.514,31.4,4.6,1.22,0.36,4.84,5.2,63.2,6.1
p-1166-2,0.35,,0.2,0.326,14.0,4.7,,,,,,
p-1168-2,0.74,,3.0,3.446,37.16666667,6.4,0.64,0.2,1.12,1.685,73.0,6.8
p-1169-1,0.32,,,0.024,8.0,4.2,1.46,0.5,2.86,3.63,54.0,6.6
p-117-1,1.82,0.12,0.28,0.482,9.111111111,7.0,0.4,0.1,0.75,1.0,30.0,8.0
p-1170-1,2.05,0.45,0.25,0.818,13.11111111,6.6,1.4,0.25,3.1,3.7,70.0,7.6
p-1171-1,1.2,0.2,0.65,1.2,38.88888889,4.5,,,,,,
p-1172-1,1.24,,0.36,0.614,18.14285714,7.3,0.4,0.1,0.9,1.162,32.4,7.2
p-1173-1,1.28,,,0.076,19.0,6.8,0.54,,0.3,0.394,18.8,8.7
p-1174-1,1.2,,0.6,0.78,20.0,8.1,1.9,0.2,2.25,2.726,55.2,6.9
p-1175-1,1.56,,1.22,1.516,22.76923077,6.6,,,,,,
p-1176-1,1.1,,0.5,0.758,25.8,8.0,0.65,0.15,3.45,3.91,62.0,6.0
p-1178-1,1.1,0.12,1.76,2.688,80.8,5.8,0.84,,1.28,1.598,53.0,7.8
p-1179-1,0.34,,1.28,1.898,51.5,6.9,1.36,0.96,6.24,7.2,190.0,5.5
p-118-2,1.9,,4.5,4.644,14.4,6.5,2.25,1.7,7.2,8.9,76.0,6.6
p-1180-1,0.26,,2.88,3.492,51.0,5.7,0.6,0.24,5.9,6.14,90.8,5.6
p-1181-1,1.06,0.14,0.5,1.218,52.54545455,6.5,0.56,,1.98,2.196,43.2,5.4
p-1182-1,1.04,0.44,1.36,2.264,46.4,5.6,1.56,2.4,3.1,5.8,74.8,5.4
p-1183-1,1.2,,,0.074,10.57142857,8.6,1.32,0.2,1.8,2.274,54.8,7.9
p-1184-1,1.9,0.55,,0.87,32.0,6.8,1.7,0.3,4.24,4.94,80.0,7.9
p-1186-1,0.34,,,0.102,11.33333333,11.1,1.4,5.0,2.38,7.59,42.0,6.6
p-1187-1,1.6,0.1,1.4,1.76,26.0,8.1,2.8,1.4,4.1,5.904,80.8,6.0
p-1188-1,1.1,0.1,4.8,5.24,37.77777778,6.3,1.3,0.22,2.9,3.49,74.0,6.3
p-1189-1,1.5,,1.7,1.996,32.88888889,7.5,1.5,0.22,3.26,3.762,56.4,6.0
p-119-1,1.5,0.4,5.0,5.69,29.0,5.0,,,,,,
p-1190-2,1.8,0.45,1.4,2.124,24.90909091,9.2,1.15,0.25,3.35,3.86,52.0,6.9
p-1192-1,0.48,,,0.28,140.0,10.2,1.4,,3.0,3.258,51.6,6.0
p-1193-1,1.05,0.2,0.8,1.23,23.0,8.1,2.04,0.9,4.74,5.97,66.0,5.6
p-1195-1,0.5,0.1,0.1,0.2,,,1.38,0.78,2.6,3.648,53.6,6.2
p-1196-1,3.3,0.2,,0.408,26.0,7.0,,,,,,
p-1196-2,0.65,,,0.066,22.0,5.7,,,,,,
p-1197-2,2.25,0.45,,0.664,19.45454545,5.6,1.06,0.4,2.66,3.342,56.4,5.9
p-1198-1,1.55,0.2,0.2,0.664,29.33333333,6.0,1.0,0.3,3.64,4.254,62.8,6.3
p-1199-1,0.5,0.15,1.9,2.57,47.27272727,6.8,0.7,,1.32,1.646,65.2,6.5
p-12-2,0.62,,0.22,0.274,5.4,,,,,,,
p-120-2,1.1,,1.6,1.98,38.0,6.5,0.9,,5.0,5.252,50.4,5.9
p-1200-1,1.0,0.3,1.45,2.218,46.8,5.2,0.4,,1.94,2.266,65.2,6.4
p-1203-1,0.45,,0.65,0.684,3.4,7.4,0.86,0.16,2.5,3.012,70.4,5.8
p-1204-1,1.2,0.25,1.15,1.766,36.6,6.8,0.42,,0.98,1.188,41.6,5.6
p-1205-1,1.15,,,,,,,,,,,
p-1206-1,3.15,0.85,3.0,4.14,29.0,7.0,2.15,0.55,1.1,1.802,30.4,7.1
p-1207-1,1.35,,0.25,0.318,6.181818182,9.6,,,,,,
p-1208-1,4.7,0.05,1.15,1.556,29.66666667,2.6,1.85,0.1,2.2,2.664,72.8,7.2
p-121-1,1.6,0.08,0.18,0.434,34.8,4.9,1.2,0.1,2.65,3.072,64.4,6.1
p-1210-1,1.5,0.35,0.85,1.554,32.18181818,6.3,1.32,0.3,3.76,4.316,51.2,6.6
p-1211-1,0.45,0.2,0.15,0.434,14.0,9.2,0.55,0.3,3.6,4.19,58.0,5.8
p-1212-2,1.55,,2.25,2.71,46.0,6.3,1.95,0.35,3.75,4.703,120.6,6.3
p-1213-1,1.6,,3.65,4.26,55.45454545,5.8,1.85,0.5,5.15,5.924,54.8,5.5
p-1214-1,5.2,1.5,3.5,5.22,20.0,8.3,2.7,0.92,1.78,3.035,67.0,8.5
p-1215-1,0.6,0.2,0.5,0.924,14.93333333,6.9,1.65,0.4,2.8,3.51,62.0,6.4
p-1216-1,0.9,,0.1,0.2,8.333333333,7.8,0.3,,,,,
p-1217-1,1.7,0.25,1.05,1.3,,,,,,,,
p-1219-1,1.1,,0.95,1.256,25.5,8.5,0.18,,0.24,0.318,15.6,9.2
p-122-1,0.9,,,,,,1.6,0.4,3.05,3.674,44.8,7.1
p-1221-1,1.15,,0.2,0.23,3.0,4.9,0.76,0.06,1.24,1.3,30.4,6.5
p-1222-1,1.5,,0.15,0.222,8.0,5.2,0.62,,1.24,1.48,48.0,7.1
p-1223-1,1.25,0.4,2.3,3.038,28.16666667,6.6,1.4,0.15,0.45,0.83,57.5,6.2
p-1225-1,1.55,,,0.134,19.14285714,8.3,,,,,,
p-1227-1,0.8,,2.85,3.334,44.0,6.1,0.55,0.05,2.55,2.992,78.4,6.2
p-1228-1,,,,,,,,,,,,
p-1229-1,0.9,,0.5,0.722,18.5,7.0,1.2,0.6,1.5,2.278,35.6,7.8
p-1230-2,1.3,0.35,3.5,4.564,71.4,4.3,0.6,0.1,1.88,2.266,57.2,6.1
p-1232-1,3.55,,,0.129,16.125,8.6,2.35,1.25,6.4,7.65,75.2,5.9
p-1233-1,1.5,0.25,3.5,4.008,17.2,5.7,1.25,0.1,4.3,4.626,45.2,5.3
p-1234-1,0.8,,3.35,3.956,60.6,4.9,0.8,0.1,2.5,2.966,73.2,6.7
p-1236-1,1.75,0.15,0.55,0.896,17.81818182,8.9,2.45,0.55,2.35,3.625,145.0,7.3
p-1237-1,0.75,,0.15,0.312,13.5,7.8,,,,,,
p-1239-1,2.6,,1.6,1.852,19.38461538,8.7,1.54,0.46,4.3,5.455,139.0,6.5
p-124-2,0.34,0.02,0.04,0.322,65.5,8.2,1.1,0.25,4.75,5.408,81.6,5.7
p-1240-2,0.82,,,0.104,11.55555556,9.2,0.42,0.1,2.32,2.815,79.0,8.4
p-1241-2,1.05,0.1,6.0,6.72,62.0,5.4,0.85,0.05,2.9,3.19,48.0,5.0
p-1242-2,,,,0.028,14.0,6.8,0.6,0.5,2.6,3.386,57.2,6.3
p-1243-1,2.35,,0.9,1.154,15.875,9.2,0.45,,0.3,0.406,21.2,8.8
p-1244-1,0.75,,0.5,0.686,13.28571429,9.4,1.25,,2.35,2.562,42.4,7.3
p-1245-1,2.1,,0.6,0.688,5.5,8.5,,,,,,
p-1246-2,1.1,,1.45,2.054,60.4,5.5,1.32,0.06,5.66,6.106,77.2,6.0
p-1247-1,0.95,,0.1,0.488,38.8,9.7,,,,,,
p-1249-2,3.0,0.2,,0.27,35.0,9.9,1.3,0.1,1.05,1.605,75.83333333,7.9
p-125-1,2.32,0.36,1.66,2.36,30.90909091,6.2,2.35,0.45,4.2,4.886,47.2,6.4
p-1250-1,0.85,,0.95,1.378,42.8,5.0,0.75,,4.15,4.644,98.8,5.2
p-1251-1,0.25,,0.3,0.558,25.8,6.5,0.5,,3.34,3.652,62.4,5.5
p-1252-2,0.8,,3.45,3.994,60.44444444,5.8,1.2,0.25,5.45,5.7,84.8,4.8
p-1253-1,0.6,,0.6,1.064,46.4,3.8,0.98,0.14,4.14,4.78,100.0,5.4
p-1254-1,0.85,0.15,0.35,0.664,16.4,7.5,0.85,0.2,2.85,3.362,62.4,6.4
p-1255-2,1.0,,0.9,1.044,14.4,8.9,1.1,0.15,3.05,3.438,47.6,5.8
p-1256-1,0.55,,,0.01,3.333333333,,2.3,,2.1,2.48,76.0,5.9
p-1257-1,1.45,0.3,2.0,2.51,21.0,8.2,0.8,0.05,0.55,0.758,31.6,6.1
p-1258-1,1.0,0.1,,0.192,8.363636364,9.5,0.8,0.2,1.0,1.434,46.8,7.8
p-1259-1,1.98,,5.84,6.172,33.2,5.9,3.65,0.05,1.55,1.786,37.2,5.3
p-126-1,3.1,,0.02,0.02,,,0.8,0.05,0.5,0.654,20.8,8.3
p-1260-1,2.3,0.8,0.6,1.578,19.77777778,7.4,1.55,0.45,2.95,3.694,58.8,6.4
p-1262-2,0.85,0.2,0.4,0.868,,7.1,0.7,,0.75,0.886,27.2,6.9
p-1265-2,1.04,0.2,1.4,2.0,40.0,8.2,0.5,0.05,1.75,2.214,82.8,5.8
p-1266-2,2.1,0.74,1.8,2.986,44.6,7.9,1.05,0.2,5.3,5.942,88.4,5.0
p-1268-1,1.5,,0.04,0.172,14.66666667,4.6,2.4,1.8,4.9,7.136,87.2,5.4
p-1269-2,1.8,0.15,1.75,2.326,42.6,6.6,2.25,0.1,1.95,2.488,87.6,6.7
p-127-2,1.56,,,0.02,20.0,4.4,0.45,,1.55,1.788,47.6,7.1
p-1270-1,0.58,,0.08,0.208,12.8,7.8,1.8,,1.55,1.55,,6.1
p-1271-1,6.45,0.1,0.65,0.808,11.6,11.7,2.3,1.45,5.55,7.28,56.0,6.4
p-1272-1,0.78,0.34,2.16,2.79,29.0,7.3,,,,,,
p-1273-1,2.64,0.12,3.72,4.06,22.0,7.3,1.6,0.2,3.35,3.904,70.8,6.0
p-1274-1,0.9,,0.35,0.556,20.6,4.4,1.16,0.48,4.4,5.146,53.2,5.4
p-1276-1,0.6,,1.25,1.59,34.0,4.5,0.08,,1.76,2.094,66.8,5.1
p-1277-2,0.24,,,,,,2.22,0.44,2.2,2.852,42.4,4.7
p-1278-1,0.7,0.1,0.76,0.956,9.6,8.3,,,,,,
p-1279-1,1.34,0.1,0.8,1.064,16.4,8.3,,,,,,
p-1280-2,1.5,,0.08,0.364,21.84615385,6.9,1.02,0.18,2.56,3.054,62.8,6.6
p-1281-1,3.45,,,0.032,6.4,9.5,,,,,,
p-1283-1,1.1,0.2,0.6,1.122,32.2,5.8,1.14,0.56,3.08,3.968,65.6,5.4
p-1284-1,4.66,0.06,0.3,0.568,23.11111111,7.6,2.1,1.14,4.06,5.472,54.4,6.5
p-1285-1,0.9,0.2,1.35,1.932,29.38461538,6.3,1.4,0.38,3.54,4.306,77.2,6.1
p-1286-1,1.6,0.05,1.9,2.356,40.6,5.9,1.26,0.16,3.7,4.18,64.0,6.4
p-1287-2,0.78,,,0.062,5.636363636,9.0,2.18,0.44,1.78,2.4,36.0,7.3
p-1288-1,0.15,,,,,,0.55,,0.45,0.494,6.285714286,10.2
p-1289-2,1.55,0.4,0.35,0.998,24.8,6.4,,,,,,
p-1290-2,1.8,,0.24,0.386,16.22222222,4.8,,,,,,
p-1292-1,0.5,,0.65,0.982,33.2,5.0,,,,,,
p-1293-1,1.06,,,,,,2.3,0.4,1.04,1.82,76.0,7.1
p-1294-1,4.65,0.45,0.45,0.928,3.111111111,10.1,1.82,0.58,2.44,3.314,58.8,7.1
p-1294-1,1.0,,0.1,0.236,22.66666667,10.7,1.9,0.8,2.05,3.076,45.2,6.8
p-1294-1,2.76,0.28,2.46,2.854,11.4,9.3,,,,,,
p-1294-1,1.5,0.15,0.85,1.068,5.666666667,9.7,2.9,0.8,2.78,3.792,42.4,6.6
p-1294-1,4.15,,0.45,0.47,1.25,11.2,2.1,0.56,2.78,3.636,59.2,6.6
p-1294-1,3.8,1.3,3.8,5.234,11.16666667,9.0,3.2,0.34,2.48,3.072,50.4,7.0
p-1295-2,0.78,,,,,,1.44,0.26,2.1,2.582,44.4,4.8
p-1296-2,0.54,,0.14,0.258,10.72727273,7.0,0.94,0.14,1.7,2.176,67.2,6.2
p-1297-2,2.9,0.3,7.35,7.854,17.0,6.7,4.78,2.14,5.44,7.806,56.5,6.4
p-1298-1,0.42,,0.62,0.62,,,0.62,0.08,2.36,2.752,62.4,5.6
p-1299-1,0.9,,,0.028,28.0,7.2,1.2,0.2,3.58,4.11,66.0,5.3
p-13-2,0.8,,0.54,0.684,16.0,7.9,0.9,0.1,2.36,2.626,33.2,6.6
p-1300-1,1.3,0.15,1.05,1.484,25.81818182,6.4,1.22,0.44,2.8,3.544,60.8,6.3
p-1302-1,1.2,0.3,2.7,3.788,78.8,4.2,1.16,0.1,5.44,5.99,90.0,5.1
p-1303-1,,,,,,,1.78,0.66,3.88,5.02,96.0,5.7
p-1305-1,0.9,,0.42,1.242,74.72727273,6.2,1.1,0.14,3.6,4.132,78.4,5.4
p-1306-1,2.8,0.66,1.64,2.632,30.18181818,10.3,1.45,0.4,4.75,5.56,82.0,6.3
p-1307-1,2.0,0.1,1.6,2.042,38.0,6.5,0.8,0.14,0.92,1.228,33.6,6.8
p-1309-1,0.6,,1.3,1.766,46.6,5.7,1.18,0.12,3.84,4.244,56.8,5.5
p-131-1,1.62,0.16,0.3,0.51,16.66666667,4.4,1.4,0.3,2.95,3.6,70.0,6.0
p-1310-1,0.9,0.15,1.55,2.062,36.2,6.3,1.4,0.32,3.12,3.682,48.4,7.5
p-1311-2,1.6,,0.4,0.52,12.0,9.6,,,,,,
p-1312-1,0.9,0.2,1.15,1.572,22.2,8.0,1.84,0.44,2.5,3.565,125.0,6.9
p-1313-2,1.84,0.04,0.32,0.454,10.44444444,8.2,2.45,0.4,1.6,2.252,50.4,6.9
p-1314-2,3.4,0.15,0.1,0.278,2.333333333,,1.45,0.1,1.8,2.072,34.4,6.5
p-1315-1,2.45,0.25,,0.564,31.4,7.9,2.26,0.34,5.02,6.045,137.0,6.3
p-1316-1,2.25,0.2,0.9,1.25,12.5,4.6,2.5,0.78,4.02,5.62,164.0,5.8
p-1317-1,0.9,0.1,0.85,1.3,35.0,8.1,1.66,0.16,4.48,5.43,158.0,5.6
p-1318-2,0.85,,1.55,1.962,41.2,7.4,1.08,0.4,4.1,5.255,151.0,6.3
p-1319-2,0.55,,1.0,1.484,48.4,5.9,1.28,0.5,3.68,5.13,190.0,6.3
p-132-1,0.96,0.08,0.58,0.84,18.0,8.5,0.7,,2.8,3.184,64.0,6.7
p-1321-2,1.1,0.1,0.05,0.176,5.2,10.5,,,,,,
p-1323-1,0.5,,,,,,,,,,,
p-1327-1,0.45,,,0.026,8.666666667,9.9,,,,,,
p-1329-1,2.1,0.15,,0.3,15.0,6.9,1.08,0.56,5.02,5.908,65.6,5.7
p-133-2,2.2,,0.1,0.132,10.66666667,10.5,2.2,0.5,3.5,4.174,34.8,7.8
p-1330-1,1.35,0.35,2.5,3.16,31.0,6.5,1.52,0.38,2.22,3.16,112.0,6.2
p-1331-2,3.64,0.12,0.6,0.83,12.22222222,9.3,2.9,0.9,3.15,4.264,35.66666667,7.0
p-1332-1,1.8,0.3,1.5,2.3,50.0,6.7,2.3,0.96,4.64,6.6,200.0,6.1
p-1334-1,1.35,,,,,,,,,,,
p-1335-1,1.1,0.2,1.45,1.904,25.4,6.6,2.12,1.6,1.86,3.752,58.4,5.9
p-1336-2,0.1,,,,,,0.82,0.08,2.04,2.428,61.6,6.0
p-1338-1,2.94,0.52,0.38,1.152,13.26315789,8.2,1.6,0.65,3.15,4.45,130.0,6.6
p-1339-1,3.8,,,0.02,20.0,6.5,,,,,,
p-134-2,1.5,,2.2,2.65,50.0,6.6,0.15,,2.15,2.324,34.8,5.8
p-1340-2,1.36,0.26,0.14,0.51,12.22222222,11.6,1.4,0.15,1.4,1.716,33.2,7.2
p-1341-1,1.95,0.15,0.2,0.35,,,1.18,0.5,2.06,2.81,50.0,6.7
p-1344-1,1.0,,0.75,0.938,18.8,7.3,1.66,0.22,3.9,4.66,108.0,6.8
p-1345-2,1.1,0.05,0.1,0.15,,,2.24,0.6,2.94,4.435,179.0,6.5
p-1346-1,1.16,,0.14,0.14,,,3.8,1.0,2.0,3.25,41.66666667,7.6
p-1347-2,0.2,0.4,1.6,2.26,26.0,6.5,,,,,,
p-1348-2,0.5,0.25,1.4,1.942,29.2,6.1,0.48,0.08,2.56,3.285,129.0,5.6
p-1349-1,0.25,0.25,0.9,1.366,21.6,7.5,2.02,1.46,0.06,1.612,18.4,4.9
p-1350-1,1.35,0.1,1.45,1.918,36.8,7.8,0.9,0.18,1.08,1.82,112.0,7.4
p-1351-1,1.1,0.1,0.4,0.7,20.0,8.3,1.84,0.7,2.56,3.825,113.0,7.2
p-1352-1,2.95,0.25,1.25,1.914,41.4,7.0,2.42,0.72,4.86,5.94,72.0,6.0
p-1353-1,0.15,,1.15,1.55,50.0,5.2,0.86,,3.9,4.314,82.8,5.7
p-1354-1,1.14,,,0.102,14.57142857,3.8,,,,,,
p-1356-1,1.88,,1.74,1.948,14.85714286,10.2,0.86,,0.4,0.478,15.6,9.7
p-1357-1,3.1,,,0.03,6.0,7.7,2.9,0.66,2.12,2.846,13.2,8.3
p-1359-1,1.5,0.25,0.85,1.424,32.4,6.5,3.3,0.6,2.16,2.932,34.4,8.6
p-1359-1,4.3,1.1,4.4,6.164,66.4,7.5,0.72,0.06,2.6,3.07,82.0,8.0
p-1359-1,1.45,0.6,3.0,4.03,47.77777778,6.0,3.3,1.46,5.2,6.924,52.8,7.3
p-1359-1,1.0,0.7,,0.858,31.6,6.7,1.14,,2.9,3.164,44.0,6.6
p-1359-1,2.6,1.45,2.25,3.7,,,1.0,0.14,3.64,4.166,77.2,6.1
p-1359-1,0.5,0.05,0.95,1.37,37.0,6.6,,,,,,
p-136-2,1.75,0.25,0.15,0.4,,,3.5,1.8,2.6,4.608,41.6,6.4
p-1360-2,1.96,0.06,1.0,1.312,25.2,5.9,1.3,0.15,2.3,3.025,115.0,6.8
p-1360-2,1.4,,1.1,1.308,18.90909091,6.8,1.15,0.15,2.85,3.276,55.2,6.9
p-1360-2,1.6,,0.72,1.048,21.86666667,6.6,1.54,0.46,3.36,4.1,148.0,6.4
p-1361-1,2.24,,0.6,0.806,17.16666667,8.7,1.0,0.22,3.26,4.125,129.0,5.9
p-1362-1,1.1,0.06,0.54,0.862,21.83333333,6.6,,,,,,
p-1363-1,1.08,0.12,2.84,3.272,52.0,6.2,0.64,0.1,1.22,2.075,151.0,6.9
p-1364-1,0.94,,1.38,1.38,,,1.12,0.2,4.58,5.68,18.0,6.0
p-1365-1,1.54,0.12,3.2,4.022,78.0,6.3,1.36,0.52,3.6,5.17,210.0,6.1
p-1366-1,1.9,,,,,,2.36,1.2,4.82,6.97,190.0,5.3
p-1367-1,1.1,,0.16,0.258,14.0,5.5,,,,,,
p-1368-1,2.0,0.12,,0.156,6.0,6.0,2.65,0.85,4.5,5.618,67.0,6.8
p-1370-1,1.7,0.1,0.88,0.98,,,0.68,0.2,0.14,0.438,49.0,5.6
p-1371-1,1.88,,0.52,0.706,18.6,7.1,1.5,0.45,4.0,4.778,65.6,6.4
p-1372-1,0.8,,,0.136,22.66666667,5.8,0.46,,0.62,0.774,30.8,6.6
p-1373-2,2.18,0.04,1.48,1.632,11.2,6.9,2.04,0.3,5.98,6.28,105.0,5.6
p-1374-1,1.44,,1.9,1.9,,,1.74,0.52,4.04,5.27,142.0,5.3
p-1375-1,3.9,,,0.028,7.0,9.3,0.92,,1.5,1.76,52.0,7.4
p-1377-1,1.12,0.08,1.42,1.9,36.36363636,6.4,1.12,,4.34,4.72,76.0,5.5
p-1379-1,2.8,0.22,0.58,1.098,24.83333333,7.5,0.44,,0.78,0.882,25.5,8.3
p-138-2,2.25,0.2,0.6,0.8,,,1.4,,0.65,0.82,34.0,7.8
p-1380-1,1.94,,,0.082,11.71428571,6.8,3.0,0.56,4.4,5.242,56.4,6.5
p-1381-2,2.5,0.42,1.34,2.186,42.6,7.5,0.44,,,,,
p-1382-1,0.72,,,0.9,81.81818182,6.1,1.26,0.32,3.24,3.88,64.0,5.7
p-1383-1,1.38,0.06,,0.142,16.4,8.6,1.8,0.72,3.62,4.72,76.0,6.6
p-1384-2,1.76,,,,,,1.25,0.4,2.8,3.56,72.0,6.1
p-1385-2,1.24,,0.7,0.936,23.6,5.0,,,,,,
p-1386-1,0.94,,0.96,1.04,8.0,7.8,1.0,0.1,1.9,2.232,46.4,7.0
p-1388-1,0.75,,2.65,3.172,52.2,6.5,,,,,,
p-1388-1,0.72,,1.38,1.922,54.2,5.9,0.46,,0.78,0.986,41.2,6.0
p-1388-1,0.85,,2.1,2.678,57.8,5.1,0.76,0.22,1.64,2.174,62.8,6.9
p-1388-1,0.65,,0.8,1.196,39.6,5.4,,,,,,
p-1388-1,0.84,,1.84,1.986,14.6,5.9,0.9,0.25,3.05,3.676,75.2,6.2
p-1388-1,0.65,,0.75,0.75,,,0.7,0.12,2.94,3.73,134.0,6.1
p-1389-1,1.87,0.06,0.1,0.354,24.25,8.3,1.34,,1.64,1.892,50.4,7.2
p-139-2,5.35,0.4,1.05,1.572,8.714285714,4.9,,,,,,
p-1390-1,0.34,,,0.032,5.333333333,8.1,0.6,0.05,0.85,1.026,25.2,6.7
p-1392-1,2.5,0.38,2.22,2.85,25.0,6.1,1.5,0.1,3.65,4.084,66.8,6.3
p-1394-1,0.12,0.06,,0.146,9.555555556,5.7,,,,,,
p-1395-1,3.6,0.12,,0.12,,,,,,,,
p-1396-2,2.48,0.08,,0.162,7.454545455,9.2,2.55,0.6,2.2,3.145,69.0,8.2
p-1397-1,1.68,,0.42,0.506,9.555555556,7.7,1.85,0.5,1.95,2.588,27.6,6.5
p-1398-1,1.84,0.12,6.06,6.434,25.4,5.7,0.45,,0.8,1.074,54.8,6.9
p-1399-1,0.98,,,0.03,5.0,9.3,1.08,0.32,0.86,1.374,38.8,9.1
p-14-1,1.0,,2.04,2.354,31.4,4.6,1.3,0.3,3.72,4.24,44.0,5.5
p-140-1,1.52,0.58,1.14,2.116,39.6,5.0,1.75,0.25,4.45,5.106,81.2,6.2
p-1404-2,1.74,0.2,1.12,1.558,23.8,7.4,,,,,,
p-1406-1,2.0,,0.16,0.274,28.5,6.2,1.5,0.25,4.1,4.7,70.0,6.7
p-141-1,0.4,0.05,0.7,0.938,11.05882353,7.8,0.3,,1.8,1.97,34.0,6.0
p-1410-1,2.02,0.54,2.36,3.264,36.4,7.1,,,,,,
p-1411-1,1.28,0.14,,0.158,4.5,,0.85,,1.7,2.024,64.8,8.3
p-1414-2,2.64,0.18,0.66,1.094,28.22222222,8.8,2.3,0.2,3.7,4.1,74.8,7.0
p-1415-1,1.0,,,,,,0.85,0.15,4.1,4.25,,
p-1416-2,0.65,,1.0,1.166,33.2,3.7,0.42,0.1,4.1,4.614,82.8,4.8
p-1417-1,1.3,0.34,,0.484,24.0,8.2,1.1,0.8,2.4,3.5,60.0,6.2
p-1418-1,2.32,0.24,5.7,6.486,54.6,6.2,0.65,0.25,2.9,3.526,75.2,6.0
p-1419-1,1.4,,4.38,4.902,52.2,6.8,1.15,0.5,3.55,4.402,70.4,5.8
p-142-1,1.3,0.3,2.2,2.9,30.76923077,6.1,2.9,0.8,2.5,3.504,40.8,7.7
p-1423-1,3.16,0.66,3.3,4.41,45.0,7.3,0.65,0.3,2.25,2.898,69.6,6.5
p-1426-2,2.52,,,,,,1.16,0.24,0.84,1.18,16.66666667,10.1
p-1427-1,3.9,,,0.068,17.0,6.0,0.95,0.65,3.55,4.464,52.8,7.0
p-1428-2,1.56,0.06,0.2,0.442,15.16666667,7.9,1.8,0.55,3.3,4.106,51.2,6.7
p-1429-1,1.9,0.44,1.44,2.158,23.16666667,7.4,0.75,0.6,3.3,4.294,78.8,7.3
p-1430-1,2.0,0.08,0.32,0.606,14.71428571,7.9,1.05,0.1,1.6,1.924,44.8,6.8
p-1431-1,1.2,,2.2,2.606,33.83333333,7.2,0.8,,1.25,1.514,52.8,7.1
p-1432-1,0.08,,0.44,0.864,42.4,5.8,,,,,,
p-1433-1,0.75,,0.15,0.34,14.61538462,9.3,1.1,,0.9,1.04,28.0,9.2
p-1434-1,1.55,0.2,4.45,5.236,58.6,5.9,0.8,0.2,3.7,4.23,66.0,6.6
p-1436-1,0.94,0.26,0.96,1.45,16.42857143,7.4,0.5,0.14,1.0,1.156,3.2,6.5
p-1437-2,0.95,0.1,1.65,2.21,46.0,6.5,0.4,0.05,1.7,2.05,60.0,6.5
p-1438-1,1.45,,0.85,1.138,28.8,7.2,,,,,,
p-1439-1,0.98,,,,,,1.6,0.2,0.54,0.936,39.2,8.2
p-144-2,2.0,0.35,2.1,2.878,42.8,5.9,0.65,,2.2,2.526,65.2,5.5
p-1440-1,0.15,0.1,,0.49,39.0,8.5,0.4,0.1,2.2,2.65,70.0,5.7
p-1442-1,1.65,0.45,4.45,5.582,68.2,6.4,0.4,,1.35,1.55,40.0,6.1
p-1443-2,0.8,0.05,0.2,0.25,,,,,,,,
p-1444-1,1.55,0.65,2.45,3.48,38.0,8.2,0.55,0.2,3.2,3.694,58.8,7.0
p-1446-1,0.9,,0.5,0.834,33.4,4.7,1.2,0.15,2.6,3.142,78.4,5.9
p-1447-2,1.25,,1.8,2.132,33.2,6.6,,,,,,
p-1448-2,3.45,0.1,10.45,10.61,10.0,6.7,1.9,0.3,2.05,2.52,34.0,6.2
p-1450-1,1.15,0.2,1.0,1.53,33.0,7.2,,,,,,
p-1451-1,1.7,0.1,1.7,2.122,32.2,7.9,1.0,0.3,2.05,2.648,59.6,7.1
p-1452-1,1.1,,1.6,1.764,16.4,6.6,0.65,,1.3,1.58,56.0,5.8
p-1454-2,1.95,0.1,0.45,0.662,11.2,5.5,1.35,,0.85,1.0,56.4,6.4
p-1456-1,3.45,0.4,2.45,2.85,,,1.15,0.2,4.0,4.572,74.4,5.9
p-1457-1,1.06,,0.26,0.3,2.857142857,7.2,,,,,,
p-1458-1,1.55,0.25,1.55,1.8,,,2.3,1.1,3.0,4.27,34.0,7.8
p-1459-1,1.9,,,,,,,,,,,
p-146-2,0.95,,,,,,0.2,,0.4,0.472,14.4,7.5
p-1460-1,1.7,,1.25,1.714,46.4,7.2,1.25,0.3,2.3,3.04,88.0,5.3
p-1462-1,2.05,0.55,1.85,2.4,,,0.66,,0.68,0.826,29.2,6.0
p-1463-2,1.7,0.15,1.75,2.202,18.875,8.2,,,,,,
p-1464-1,1.3,,0.85,1.122,27.2,4.7,,,,,,
p-1465-1,1.2,,,,,,0.8,1.8,4.5,6.6,60.0,5.5
p-1466-1,2.35,,0.1,0.138,4.75,9.9,0.24,0.1,0.28,0.476,19.2,9.3
p-1467-1,2.1,0.44,1.08,1.7,18.0,6.0,1.7,0.4,3.5,4.19,58.0,7.6
p-1467-1,2.65,,0.15,0.226,7.6,7.9,,,,,,
p-1467-1,1.2,,0.15,0.228,8.666666667,6.7,,,,,,
p-1467-1,0.8,,,0.44,44.0,7.9,0.74,0.26,0.3,0.9,38.0,11.2
p-1467-1,2.9,0.26,0.54,0.904,13.0,7.2,1.95,0.7,2.5,3.448,49.6,7.6
p-1467-1,0.96,,,,,,2.2,0.36,3.08,3.678,47.6,7.3
p-1468-1,2.05,0.35,1.75,2.58,48.0,6.6,0.9,0.14,3.1,3.55,62.0,6.9
p-147-1,3.2,0.1,0.15,0.43,30.0,6.4,1.5,0.45,2.35,2.998,39.6,5.8
p-1470-1,1.78,,,,,,2.2,0.25,3.9,4.44,58.0,5.4
p-1471-1,0.75,,2.6,2.946,34.6,6.1,0.6,,0.84,1.044,40.8,7.0
p-1473-1,2.35,0.1,1.9,2.246,18.92307692,6.6,1.85,1.2,2.25,3.628,35.6,
p-1475-1,4.1,,,,,,1.35,0.6,1.15,1.92,34.0,7.0
p-1476-2,1.55,0.1,0.15,0.428,22.25,7.9,,,,,,
p-1477-1,2.5,0.25,,0.386,19.42857143,7.5,1.3,0.4,1.52,2.188,53.6,6.5
p-1478-1,0.8,,,,,,,,,,,
p-1479-1,0.55,0.2,4.35,5.324,77.4,4.4,1.38,0.14,4.76,5.318,83.6,5.6
p-148-1,0.8,,0.06,0.11,7.142857143,5.3,0.75,0.2,2.75,3.146,39.2,5.8
p-1480-1,1.25,,1.2,1.526,29.63636364,5.9,1.14,0.22,2.78,3.35,70.0,6.2
p-1482-1,0.5,,0.5,0.688,13.42857143,8.0,0.72,0.12,1.16,1.47,38.0,5.8
p-1483-1,0.85,,1.85,2.356,50.6,6.3,1.1,0.3,5.25,6.07,86.66666667,5.4
p-1484-2,1.4,0.3,3.0,3.3,,,,,,,,
p-1485-1,2.3,0.4,1.05,1.804,35.4,7.7,0.4,,0.76,0.944,36.8,5.5
p-1486-1,1.05,,1.9,2.22,35.55555556,4.7,0.48,0.06,2.32,2.618,47.6,5.0
p-1487-1,2.2,,,,,,,,,,,
p-1488-2,0.25,,,,,,1.4,0.25,3.2,3.784,66.8,5.0
p-1489-1,0.95,0.15,2.15,2.692,32.66666667,6.7,0.5,0.14,1.26,1.556,31.2,6.5
p-149-1,1.1,0.1,0.65,0.964,21.4,4.8,0.95,,1.85,2.164,62.8,6.3
p-1490-1,0.85,,0.2,0.45,25.0,5.8,1.04,,4.28,4.628,69.6,4.8
p-1491-1,0.45,,0.1,0.268,16.8,5.2,,,,,,
p-1492-1,2.6,,0.15,0.15,,5.8,1.7,3.5,0.25,4.21,92.0,6.6
p-1494-1,3.7,0.35,1.9,2.56,34.44444444,7.1,1.62,0.48,1.72,2.504,60.8,5.8
p-1495-2,1.25,,0.35,0.458,10.8,8.7,1.18,0.42,2.66,3.3,114.0,7.7
p-1496-1,3.9,,,,,,3.8,0.2,1.6,2.006,34.33333333,6.6
p-1497-1,2.44,,,0.28,31.11111111,4.9,1.22,0.4,2.82,3.518,59.6,4.9
p-1498-1,1.4,,,,,,0.2,0.1,2.6,2.998,59.6,6.0
p-1499-1,1.85,,,,,,,,,,,
p-15-1,2.64,,0.54,0.814,27.4,7.4,2.27,1.45,3.95,5.686,57.2,6.2
p-150-2,1.1,,0.15,0.15,,,1.5,0.4,3.9,4.734,86.8,6.0
p-1500-1,2.15,0.15,0.55,0.996,32.88888889,7.4,0.9,,2.0,2.575,115.0,5.3
p-1501-1,1.85,,2.95,3.512,46.83333333,6.0,1.15,,3.95,4.7,150.0,5.3
p-1502-1,1.2,,0.5,0.742,24.2,8.0,1.35,0.3,2.3,3.2,120.0,6.2
p-1504-1,0.7,,2.65,3.05,40.0,6.1,,,,,,
p-1505-1,1.66,0.46,2.68,3.65,56.66666667,6.3,0.75,0.25,3.6,4.272,84.4,5.7
p-1506-2,1.6,,0.12,0.172,5.2,9.1,,,,,,
p-1507-1,3.1,0.44,1.78,2.442,22.2,6.8,2.5,1.05,3.6,4.924,54.8,6.1
p-1509-2,1.94,0.12,0.6,1.028,30.8,6.6,,,,,,
p-151-1,1.6,,,0.03,7.5,6.6,0.45,0.1,1.5,1.874,54.8,6.2
p-1510-1,1.42,0.3,3.0,3.842,60.22222222,6.1,0.55,0.05,1.5,1.846,59.2,5.7
p-1511-1,1.76,0.56,3.68,4.558,31.8,6.5,1.2,0.3,2.0,2.562,52.4,6.3
p-1512-1,1.34,0.18,1.88,2.314,31.75,8.6,,,,,,
p-1515-1,1.56,0.3,4.88,5.876,69.6,6.1,0.4,0.4,0.85,1.472,44.4,6.4
p-1516-1,2.62,,,0.208,29.71428571,6.3,2.5,0.5,4.1,4.982,76.4,6.0
p-1519-1,0.4,,0.16,0.29,11.81818182,7.5,0.6,0.05,2.1,2.795,129.0,5.5
p-152-1,1.2,,0.55,0.988,43.8,6.0,1.7,0.2,3.6,4.116,63.2,6.0
p-1520-1,1.64,,0.36,0.596,23.6,7.4,0.4,,0.45,0.618,33.6,7.0
p-1521-1,1.76,0.04,0.2,0.35,7.857142857,12.6,,,,,,
p-1522-2,1.84,0.34,1.38,2.052,33.2,7.2,1.9,1.6,2.0,3.8,40.0,6.7
p-1524-1,1.1,,1.0,1.38,38.0,4.7,,,,,,
p-1525-2,1.3,0.26,,0.306,46.0,9.3,,,,,,
p-1526-1,4.23,0.28,0.46,1.104,36.4,5.5,3.05,1.45,3.4,5.655,161.0,6.3
p-1527-1,1.72,,0.48,0.57,10.0,6.2,1.2,0.3,4.1,4.714,62.8,5.7
p-1528-1,1.98,,0.66,0.86,20.0,6.5,0.65,0.7,2.45,3.468,63.6,5.9
p-1529-1,4.3,0.18,1.1,1.436,15.6,9.0,3.4,0.3,3.8,4.286,46.5,6.4
p-153-2,4.2,0.15,0.35,0.844,34.4,6.7,3.45,1.0,2.4,3.61,42.0,7.2
p-1530-1,1.1,,0.26,0.442,18.2,7.6,0.54,,0.84,0.982,28.4,6.5
p-1532-1,0.9,,0.14,0.408,26.8,5.9,1.6,0.3,4.7,5.46,92.0,6.3
p-1533-1,1.68,0.42,4.66,5.242,16.2,7.2,0.7,0.15,2.8,3.165,43.0,6.2
p-1534-1,1.52,,2.18,2.506,32.6,6.4,1.1,0.35,2.45,3.138,67.6,6.1
p-1536-1,0.6,,3.42,3.71,29.0,6.0,0.5,0.1,3.8,4.27,74.0,5.6
p-1537-1,0.4,,,,,,,,,,,
p-1538-1,0.9,,0.1,0.142,10.5,9.3,,,,,,
p-154-1,1.65,,0.5,0.716,21.6,7.3,,,,,,
p-1540-1,4.24,0.12,0.66,0.942,16.2,8.6,2.5,1.5,2.4,4.184,56.8,7.2
p-1542-1,0.3,,,,,,2.7,0.8,2.8,3.754,25.66666667,7.5
p-1543-2,1.82,1.4,2.22,3.766,18.25,7.8,0.6,,0.5,0.686,37.2,6.9
p-1544-1,2.42,0.06,0.2,0.392,13.2,6.2,,,,,,
p-1545-1,1.96,,,0.072,18.0,7.3,1.6,0.1,2.2,2.733,86.6,5.9
p-1546-2,0.98,,0.44,0.642,20.2,7.4,0.38,,0.52,0.656,27.2,6.5
p-1547-2,1.96,,,0.008,2.666666667,7.3,0.9,,2.1,2.378,55.6,6.2
p-1548-1,1.9,,,,,,2.8,0.44,1.68,2.302,36.4,8.1
p-1549-1,0.66,,0.08,0.156,7.6,8.9,2.0,0.2,2.6,3.275,95.0,5.9
p-155-2,3.8,,,0.028,14.0,10.6,,,,,,
p-1551-2,1.3,,0.36,0.426,6.0,4.6,1.4,0.1,3.45,3.8,50.0,4.9
p-1552-1,1.6,,0.58,0.58,,,0.9,,3.9,4.296,79.2,5.7
p-1553-2,1.3,,1.46,1.582,6.1,9.3,2.7,1.0,3.5,4.684,36.8,6.2
p-1556-2,2.4,0.3,0.14,0.884,63.42857143,4.9,,,,,,
p-1557-2,5.8,,,0.502,50.2,5.1,1.5,0.3,4.6,5.264,72.8,5.9
p-1558-1,0.64,,,0.066,22.0,10.5,1.15,0.3,1.6,2.158,51.6,7.5
p-1559-1,3.22,0.48,0.92,1.688,20.57142857,9.6,2.45,0.5,2.25,3.52,154.0,6.6
p-156-1,1.5,0.1,0.2,0.82,104.0,4.1,1.6,0.5,2.1,2.856,51.2,7.1
p-1560-1,0.48,0.08,0.14,0.292,9.0,5.8,0.2,0.1,1.4,1.722,37.0,5.9
p-1562-1,4.46,0.46,1.76,2.384,16.4,6.5,3.0,1.6,8.2,10.126,65.2,6.1
p-1563-1,1.05,,,0.258,25.8,5.9,1.86,0.34,4.56,5.12,44.0,6.6
p-1565-1,0.94,,0.18,0.312,13.2,6.8,1.85,0.4,2.7,3.368,53.6,7.3
p-1568-1,2.04,0.84,5.24,6.71,63.0,5.8,1.2,0.35,3.2,3.709,31.8,6.1
p-1569-1,1.55,0.1,1.9,2.22,16.92307692,8.1,1.2,0.2,2.75,3.186,47.2,6.3
p-157-2,5.4,0.1,0.75,1.136,28.6,5.3,2.4,0.95,2.05,3.274,54.8,7.0
p-1570-1,1.2,,1.48,1.664,18.4,5.8,,,,,,
p-1571-1,0.88,,,0.1,16.66666667,6.7,1.5,0.5,4.2,5.124,84.8,6.1
p-1572-1,1.2,0.16,1.54,1.996,29.6,6.0,1.2,0.45,2.4,3.066,43.2,5.3
p-1573-1,1.44,,0.12,0.136,8.0,8.5,3.0,1.5,5.6,7.306,41.2,5.7
p-1575-1,1.22,,,,,,,,,,,
p-1576-2,0.72,,0.96,1.152,19.2,7.0,0.95,0.2,2.4,2.852,50.4,5.8
p-1577-2,2.85,,0.1,0.566,46.6,5.8,3.9,2.6,4.1,6.874,34.8,6.1
p-1578-1,2.9,0.15,1.95,2.55,45.0,7.6,2.6,0.7,2.6,3.566,53.2,
p-1579-1,1.65,0.3,1.0,1.614,31.4,6.0,1.15,0.35,1.35,1.944,48.8,6.5
p-158-2,1.4,0.1,0.6,0.7,,,0.7,,3.25,3.512,52.4,6.7
p-1580-1,4.5,0.9,3.04,3.94,,,1.66,0.5,1.08,1.706,25.2,7.3
p-1581-1,1.4,0.3,1.25,1.84,,7.4,2.5,2.1,4.0,6.476,75.2,5.6
p-1582-1,2.3,,0.4,0.592,17.45454545,6.3,,,,,,
p-1583-2,0.9,0.1,1.7,2.194,39.4,5.9,1.45,1.05,3.6,4.956,61.2,5.5
p-1584-1,0.8,,2.9,2.9,,,0.8,0.3,2.4,2.972,54.4,5.8
p-1585-1,0.55,,4.25,4.936,76.22222222,5.2,,,,,,
p-1586-1,1.2,0.3,2.8,3.1,,,1.1,0.45,2.0,2.8,50.4,6.4
p-1588-1,1.3,,0.15,0.268,10.72727273,11.0,1.15,0.15,0.65,0.98,36.0,8.1
p-1589-2,2.1,0.1,2.25,2.68,33.0,7.4,,,,,,
p-159-2,1.8,,0.05,0.05,,,1.1,0.15,2.6,2.928,44.5,8.0
p-1591-1,1.15,0.1,1.6,2.076,37.6,6.0,2.5,0.6,4.0,4.744,28.8,5.8
p-1592-2,1.3,0.15,0.25,0.552,15.2,5.8,,,,,,
p-1593-1,3.06,,,0.048,16.0,6.7,1.72,1.04,2.7,4.074,66.8,5.3
p-1594-2,1.1,,0.15,0.44,32.22222222,6.2,,,,,,
p-1595-2,0.65,0.15,1.45,1.954,35.4,5.8,,,,,,
p-1596-1,0.45,,0.15,0.65,83.33333333,14.2,1.6,0.35,3.45,4.3,45.2,5.5
p-1597-1,1.35,0.45,3.25,4.3,54.54545455,5.8,,,,,,
p-1598-1,1.65,0.1,2.95,3.342,36.5,6.6,1.0,0.4,4.0,4.698,59.6,5.9
p-16-1,1.54,0.18,2.24,2.872,41.09090909,5.2,1.86,0.8,2.32,3.28,32.0,5.9
p-160-2,3.45,0.2,0.7,1.236,33.6,6.4,2.65,0.5,3.35,4.172,64.4,
p-1601-2,2.4,,0.35,0.654,21.71428571,9.5,,,,,,
p-1602-1,1.0,0.1,0.75,1.27,38.18181818,6.8,0.7,0.4,1.7,2.34,48.0,6.8
p-1603-1,1.05,,1.65,2.175,52.5,5.4,1.06,0.28,3.7,4.284,60.8,5.0
p-1605-1,0.4,,,0.012,6.0,6.8,1.85,0.35,2.4,3.3,110.0,6.7
p-1606-1,1.55,0.15,0.8,0.95,,,1.0,0.25,2.55,2.976,35.2,6.0
p-1607-1,2.4,0.35,0.95,1.488,18.8,8.7,,,,,,
p-1608-1,1.15,0.2,0.25,0.584,14.88888889,7.7,1.1,0.18,2.14,2.574,50.8,6.3
p-161-1,0.88,0.08,3.66,4.072,33.2,7.3,1.1,0.16,5.4,5.894,66.8,5.4
p-1610-2,1.25,0.4,3.45,4.214,36.4,5.8,,,,,,
p-1611-2,1.35,0.15,0.65,1.028,20.72727273,7.4,2.0,0.4,2.94,3.5,57.6,5.2
p-1612-2,1.25,,,0.154,17.11111111,7.8,,,,,,
p-1614-1,0.5,,1.55,1.792,22.0,7.0,0.76,0.04,2.7,3.0,52.0,5.8
p-1615-1,1.0,,1.85,2.326,47.6,5.6,0.72,0.04,2.44,2.71,46.0,5.7
p-1617-1,1.2,,,,,,1.02,0.2,2.3,2.744,48.8,6.7
p-1618-1,0.84,0.1,0.76,1.06,18.18181818,8.9,,,,,,
p-1619-1,0.95,,2.8,3.278,47.8,5.2,0.6,0.14,1.88,2.302,56.4,5.4
p-162-2,1.15,0.05,0.35,0.622,22.2,7.6,1.05,0.3,2.9,3.424,44.8,5.7
p-1621-1,1.4,0.1,2.35,2.636,15.5,8.7,1.3,0.1,1.2,1.3,,
p-1622-1,1.1,0.2,0.3,0.654,11.84615385,5.3,1.5,0.36,4.34,4.96,65.0,5.4
p-1623-2,1.26,,0.16,0.16,,,1.28,,3.9,4.032,26.4,5.4
p-1624-2,0.75,,,,,,1.96,0.28,3.24,3.666,29.2,7.6
p-1625-2,3.45,0.3,3.3,4.002,33.5,5.3,0.7,0.15,1.1,1.318,13.6,8.0
p-1626-2,0.74,0.16,,0.31,11.53846154,9.0,,,,,,
p-1627-1,0.1,,,0.102,12.75,10.0,,,,,,
p-1628-1,1.5,0.25,2.05,2.862,51.09090909,7.8,1.45,0.45,1.3,2.3,110.0,6.6
p-1629-1,1.0,0.2,0.65,1.032,20.22222222,8.7,1.74,0.78,3.62,4.668,53.6,6.0
p-163-2,3.05,0.5,2.05,2.862,34.66666667,6.9,0.4,,0.45,0.62,28.33333333,7.4
p-1631-1,2.3,0.15,0.7,1.352,45.63636364,6.6,,,,,,
p-1632-2,1.8,,,,,,1.1,0.45,3.3,4.155,81.0,8.6
p-1633-1,1.25,0.55,2.9,3.69,30.0,7.3,1.2,0.58,2.85,3.762,66.4,6.6
p-1634-1,1.4,0.65,1.9,2.896,34.6,7.9,,,,,,
p-1637-1,1.4,0.12,0.72,1.36,57.77777778,5.3,2.28,0.5,5.6,6.47,74.0,5.9
p-1642-1,3.0,,,,,,1.9,1.35,1.9,3.408,31.6,7.1
p-1643-1,3.05,0.35,1.25,1.918,35.33333333,6.0,2.56,0.92,4.44,5.73,74.0,5.8
p-1644-1,0.9,,1.6,2.068,46.8,5.2,1.4,0.06,5.5,5.744,36.8,4.7
p-1645-2,0.75,,1.75,2.064,31.4,8.0,,,,,,
p-1646-1,0.65,,0.1,0.206,13.25,5.9,1.7,0.26,5.4,5.91,50.0,6.0
p-1647-2,0.75,0.1,0.6,0.896,19.6,8.3,,,,,,
p-1649-1,1.3,,,,,,,,,,,
p-1650-1,0.6,,,,,,0.9,0.1,0.8,1.096,39.2,7.0
p-1651-2,0.85,,,,,,1.45,0.35,3.6,4.18,46.0,7.3
p-1652-1,,,0.5,0.802,30.2,6.8,0.56,0.08,0.46,0.736,39.2,5.6
p-1654-1,1.25,,2.2,2.608,40.8,6.2,1.74,0.4,4.14,4.852,62.4,6.2
p-1655-2,0.85,,1.85,2.442,65.77777778,6.0,1.24,0.16,2.82,3.38,80.0,6.3
p-1656-1,1.16,0.06,2.96,3.538,51.8,5.5,1.1,0.06,4.72,5.04,52.0,5.6
p-1659-1,0.4,,0.25,0.36,11.0,7.3,0.84,0.56,3.94,4.714,42.8,6.0
p-1660-1,1.85,,0.25,0.45,15.38461538,7.5,1.3,0.8,2.6,3.752,70.4,5.7
p-1661-1,1.4,0.25,4.5,5.324,57.4,5.6,1.96,0.7,4.36,5.276,43.2,6.9
p-1663-1,3.35,,0.1,0.29,15.83333333,8.3,2.4,0.9,1.55,2.764,62.8,6.2
p-1664-1,1.1,,0.6,0.896,29.6,6.8,0.55,0.35,1.5,2.204,70.8,5.8
p-168-2,1.25,,0.3,0.376,8.444444444,5.4,1.3,0.1,1.9,2.272,54.4,6.4
p-169-2,0.55,0.1,0.2,0.506,20.6,4.9,2.2,0.65,2.45,3.388,57.6,5.1
p-17-1,1.5,,,0.02,10.0,7.6,1.34,0.2,3.9,4.234,26.8,8.5
p-170-2,1.7,,0.15,0.15,,,1.05,0.15,1.6,1.926,35.2,6.9
p-171-1,0.9,,1.45,1.762,31.2,7.2,1.05,0.3,3.2,3.898,79.6,6.1
p-172-2,0.95,0.1,2.05,2.706,55.6,5.9,1.2,,4.15,4.382,46.4,6.0
p-173-1,1.3,0.1,0.3,0.974,57.4,5.9,0.75,0.2,4.6,5.234,86.8,6.3
p-174-1,0.95,0.4,0.5,1.424,52.4,5.8,0.3,,2.6,2.932,66.4,5.8
p-175-1,1.94,0.1,3.36,3.754,32.66666667,5.6,0.9,0.2,2.54,3.076,67.2,5.4
p-176-1,0.55,,,,,,3.05,1.1,2.5,3.862,52.4,7.7
p-177-2,2.2,0.3,0.75,1.45,40.0,5.1,1.3,0.1,2.2,2.532,38.66666667,6.6
p-179-2,1.9,0.05,0.1,0.206,18.66666667,5.2,2.9,0.4,0.75,1.394,48.8,7.0
p-18-1,0.94,,,,,,1.22,0.42,4.2,5.3,43.6,5.3
p-180-2,1.65,0.3,2.05,2.724,37.4,5.9,0.7,0.2,1.35,1.794,48.8,5.8
p-181-2,2.3,0.1,0.4,0.774,27.4,4.8,1.05,,3.2,3.85,130.0,6.3
p-182-1,1.55,0.25,1.0,1.426,17.6,7.4,,,,,,
p-183-2,1.0,0.3,0.55,0.946,12.0,5.8,2.1,0.45,1.45,2.116,43.2,8.3
p-184-1,1.15,0.1,1.0,1.458,35.8,6.8,1.25,0.1,3.9,4.304,60.8,6.6
p-185-1,0.06,0.04,,0.082,21.0,4.6,0.16,,1.6,1.876,55.2,
p-186-1,0.7,0.1,0.55,0.65,,,1.05,,1.8,2.006,41.2,6.6
p-187-1,1.2,,,,,,0.7,0.05,0.95,1.208,41.6,7.8
p-188-1,1.8,0.35,,0.35,,,1.6,0.6,2.8,3.626,45.2,7.2
p-189-1,0.45,,0.15,0.15,,,0.6,0.2,2.7,3.08,36.0,7.8
p-19-1,1.7,,0.12,0.18,15.0,6.0,1.2,0.34,1.58,2.166,49.2,5.8
p-190-2,1.8,0.25,1.5,1.97,20.0,9.7,1.1,0.05,2.4,3.06,122.0,6.3
p-191-1,2.5,0.2,1.05,1.25,31.8,6.2,1.2,0.8,1.75,2.802,50.4,7.9
p-192-1,2.85,0.05,0.1,0.192,10.5,12.4,2.3,0.15,1.6,1.764,2.333333333,7.8
p-193-2,0.6,,0.05,0.12,7.777777778,10.5,1.4,0.95,2.2,3.404,50.8,6.9
p-195-2,6.2,,,0.148,29.6,7.6,3.0,0.85,2.3,3.566,83.2,7.0
p-196-2,0.5,,1.1,1.1,,,1.4,0.15,3.65,4.112,62.4,6.9
p-197-1,2.2,,2.0,2.596,59.6,5.2,0.8,,1.85,2.096,49.2,5.8
p-198-2,1.4,,0.4,0.788,38.8,5.8,1.9,0.3,4.0,4.51,35.0,6.3
p-199-1,0.8,,3.0,3.506,50.6,6.1,0.75,0.1,2.55,2.994,68.8,6.3
p-2-1,3.3,,0.46,0.576,11.6,4.0,,,,,,
p-20-2,1.14,0.3,2.44,3.196,45.6,5.8,1.04,0.1,2.6,2.892,38.4,6.7
p-200-1,2.25,0.3,0.65,0.95,,,2.7,0.7,2.2,3.046,29.2,7.7
p-201-1,1.6,,0.2,0.274,10.57142857,7.4,1.0,0.25,1.85,2.324,44.8,7.7
p-202-1,1.2,0.05,2.4,2.45,,,1.15,,1.1,1.3,40.0,6.3
p-204-1,1.6,,,,,,1.8,0.15,2.25,2.668,53.6,
p-205-2,2.06,0.14,2.76,3.136,21.45454545,6.1,1.1,0.15,1.3,1.632,36.4,7.6
p-206-2,1.48,0.16,0.08,0.24,,,0.6,0.1,1.35,1.72,54.0,7.4
p-207-1,2.2,0.02,0.78,1.176,37.6,5.3,0.5,0.2,2.1,2.322,4.4,6.4
p-208-1,1.74,,0.98,1.108,12.8,7.6,2.3,0.6,2.35,3.156,34.33333333,7.0
p-209-2,1.48,,1.06,1.292,23.2,6.3,1.0,0.25,0.9,1.302,25.33333333,7.8
p-21-2,2.4,0.16,0.3,0.51,25.0,5.3,2.7,2.1,3.22,5.64,64.0,5.9
p-210-1,0.34,,0.52,0.734,21.4,7.1,1.62,0.36,2.78,3.416,55.2,6.7
p-211-1,1.08,,,0.062,6.2,8.9,1.8,0.3,3.1,3.658,51.6,6.2
p-212-2,1.32,,0.78,1.006,22.6,4.5,2.44,0.4,1.68,2.276,39.2,5.2
p-213-1,0.74,0.06,0.8,1.002,15.77777778,5.8,2.5,,,,12.4,
p-214-1,2.06,,0.4,0.588,17.09090909,5.2,0.95,0.05,0.7,0.938,31.33333333,6.3
p-215-1,0.54,,0.02,0.376,35.6,5.5,1.46,,1.38,1.592,42.4,5.8
p-216-1,2.9,0.7,2.56,3.702,40.18181818,5.8,2.28,0.66,2.6,3.626,73.2,6.1
p-217-2,3.1,,1.55,1.734,14.15384615,8.2,,,,,,
p-218-1,0.3,,,,,,,,,,,
p-220-2,1.96,,0.38,0.418,19.0,3.6,1.04,,0.46,0.606,24.33333333,7.2
p-221-1,0.16,,,,,,0.84,0.36,0.66,1.2,45.33333333,6.6
p-222-1,1.1,0.2,3.42,3.936,31.6,6.5,0.44,,2.3,2.548,49.6,5.7
p-223-1,1.04,0.34,4.8,5.806,66.6,6.0,0.96,0.18,1.7,2.1,44.0,6.2
p-224-1,0.38,,0.14,0.208,13.6,4.7,2.2,0.3,3.3,3.808,41.6,5.8
p-225-1,1.06,,,0.048,16.0,2.4,2.44,0.36,3.38,3.936,39.2,5.2
p-228-2,2.62,0.28,0.22,0.684,30.66666667,7.4,0.76,0.32,0.72,1.248,41.6,8.4
p-229-2,2.4,0.2,3.16,3.76,40.0,5.8,0.36,,0.2,0.342,28.4,6.8
p-230-1,1.7,0.14,1.0,1.39,25.0,6.6,1.3,0.2,1.18,1.55,28.33333333,6.4
p-231-2,1.5,0.54,1.5,2.312,27.2,9.0,,,,,,
p-232-1,0.5,,0.28,0.466,20.66666667,7.3,0.56,,1.48,1.696,43.2,7.3
p-233-2,1.2,0.2,0.84,1.26,22.0,9.0,0.22,,0.4,0.534,26.8,8.7
p-234-1,1.38,0.1,1.0,1.382,28.2,8.4,1.26,0.4,1.1,1.722,44.4,7.7
p-235-1,1.2,,,0.07,6.363636364,7.3,0.3,,0.3,0.396,19.2,8.6
p-237-1,2.24,,0.34,0.44,12.5,7.8,0.98,0.2,1.5,1.864,32.8,8.2
p-238-1,1.96,0.08,1.02,1.428,32.8,6.2,,,,,,
p-239-1,1.24,0.2,1.06,1.728,46.8,7.0,1.16,0.22,1.82,2.318,55.6,5.5
p-24-1,0.5,,0.08,0.24,26.66666667,3.5,1.35,0.2,2.5,2.84,28.0,5.6
p-240-2,1.48,0.26,1.48,2.228,48.8,5.9,0.66,0.1,0.64,0.886,29.2,4.9
p-241-2,1.32,,0.62,0.768,14.8,7.1,,,,,,
p-242-2,1.42,0.44,2.92,3.722,36.2,6.4,1.2,0.22,1.88,2.362,52.4,6.4
p-243-1,1.9,0.66,1.34,2.322,32.2,6.3,2.58,0.86,4.52,5.794,103.5,5.1
p-244-1,1.24,0.1,0.94,1.198,15.8,8.7,1.24,0.22,1.66,2.058,35.6,7.1
p-245-1,2.18,,,,,,2.64,1.56,2.26,4.06,48.0,6.4
p-246-1,2.7,0.35,1.75,2.622,65.25,7.8,1.4,0.4,2.4,3.256,91.2,6.4
p-246-1,2.0,0.8,1.34,2.14,,,1.72,0.16,0.54,1.084,76.8,6.6
p-246-1,1.1,0.25,0.45,0.974,34.25,7.4,1.84,0.6,2.88,3.892,82.4,7.2
p-246-1,2.1,0.1,1.9,2.668,66.8,7.8,1.2,0.94,2.2,3.584,88.8,6.5
p-246-1,1.1,0.15,0.3,1.0,55.0,6.8,,,,,,
p-246-1,2.3,0.55,2.5,3.82,85.55555556,8.1,3.0,2.5,5.2,8.134,86.8,7.1
p-247-1,0.62,,0.16,0.3,15.55555556,6.6,1.82,0.24,2.2,2.69,62.5,6.4
p-248-1,1.15,0.15,0.5,0.872,22.2,7.9,0.5,,1.25,1.512,52.4,6.5
p-249-2,3.8,1.0,1.06,2.382,32.2,6.5,1.3,,3.18,3.498,63.6,6.0
p-25-1,1.44,0.06,1.9,2.488,52.8,5.7,1.1,0.24,2.9,3.474,66.8,4.8
p-251-1,2.06,,0.66,0.838,17.8,7.9,1.7,0.5,3.06,3.776,54.0,5.8
p-252-1,1.36,,0.68,0.954,27.4,6.1,1.46,0.24,2.04,2.438,31.6,6.9
p-253-1,1.08,,1.24,1.478,23.8,6.1,1.58,0.26,2.26,2.72,40.0,6.0
p-254-1,2.8,0.25,1.8,2.248,19.8,7.1,0.95,0.5,4.1,4.892,58.4,4.9
p-255-1,0.18,0.06,,0.204,20.57142857,6.8,,,,,,
p-256-1,3.8,0.86,0.62,1.904,42.4,6.8,1.68,0.22,3.16,3.654,54.8,6.7
p-257-1,1.74,0.76,0.86,1.854,26.0,6.0,1.54,0.18,3.0,3.558,75.6,6.3
p-258-1,1.65,0.5,1.7,2.548,34.8,6.0,0.9,,0.85,0.905,11.0,7.5
p-259-1,1.18,0.18,2.64,3.164,34.4,7.3,1.14,0.24,3.18,3.74,64.0,6.7
p-26-1,3.8,,,,,,2.7,1.4,3.0,4.516,23.2,5.5
p-260-1,1.85,,0.15,0.302,25.33333333,8.5,,,,0.38,76.0,8.2
p-262-1,0.9,0.14,0.9,1.322,25.63636364,7.5,1.5,0.86,3.86,4.996,55.2,5.5
p-263-1,1.4,,1.8,2.082,28.2,7.5,0.9,0.4,1.18,1.828,49.6,7.0
p-265-2,2.05,0.15,0.1,0.296,4.6,6.1,2.89,0.5,3.1,3.766,33.2,7.4
p-266-2,3.04,0.78,0.62,1.726,36.22222222,7.2,2.02,0.7,2.12,3.102,56.4,6.1
p-268-1,0.6,,0.36,0.48,12.0,9.0,0.92,0.12,1.72,1.884,7.333333333,11.1
p-269-2,1.46,0.14,0.18,0.564,24.4,6.9,,,,,,
p-27-2,5.45,0.6,5.05,5.65,,,2.05,0.35,6.0,6.545,39.0,6.3
p-270-2,5.75,0.8,0.3,1.316,19.63636364,8.7,0.6,,1.34,1.544,40.8,7.4
p-271-2,0.88,,0.18,0.25,10.0,6.1,0.38,,1.1,1.306,41.2,6.4
p-272-1,1.55,,,,,,2.4,0.3,1.8,2.295,39.0,7.1
p-273-1,2.0,,0.12,0.128,1.6,,2.12,1.9,1.94,4.024,36.8,7.7
p-274-1,1.34,,0.3,0.388,17.6,6.8,1.4,2.1,2.4,4.694,38.8,6.9
p-277-1,2.85,0.45,0.45,1.276,53.71428571,7.0,1.16,0.84,3.1,4.1,43.6,7.0
p-278-2,0.92,0.14,1.66,2.158,44.75,6.5,0.66,0.2,0.98,1.316,27.2,7.8
p-279-1,1.1,,,,,,3.35,0.2,0.95,1.4,50.0,8.3
p-28-2,1.12,,0.94,1.064,15.5,5.7,1.95,0.15,1.35,1.64,28.0,5.7
p-280-1,1.7,0.25,0.75,1.152,12.66666667,8.7,1.85,0.8,1.65,2.99,108.0,7.1
p-281-1,0.6,,0.05,0.102,10.4,8.6,1.2,0.1,2.7,3.0,23.6,6.7
p-282-2,0.46,,,,,,1.06,0.52,2.08,2.7,49.6,5.9
p-283-2,0.5,0.2,2.35,2.978,42.8,6.0,1.7,0.6,4.22,5.026,41.2,7.5
p-284-1,0.4,,4.0,4.584,58.4,5.8,0.44,,1.14,1.28,28.0,7.5
p-285-2,1.6,0.45,3.25,4.272,57.2,6.1,0.8,0.4,1.66,2.264,40.8,7.9
p-286-1,2.55,,0.1,0.157,9.5,6.0,1.55,,3.1,3.38,56.0,6.9
p-287-1,1.8,,1.45,1.686,16.85714286,7.5,1.47,0.2,0.15,0.52,34.0,6.9
p-288-1,2.3,0.55,5.9,6.796,34.6,7.0,0.82,0.16,2.37,2.656,25.2,6.8
p-289-1,0.9,0.25,1.9,2.522,31.0,7.2,1.62,1.42,3.2,4.988,73.6,6.8
p-29-2,1.46,,,,,,,,,,,
p-291-1,2.15,0.25,,0.33,40.0,7.7,1.38,0.68,1.98,2.66,,6.7
p-292-1,0.2,,2.0,2.376,37.6,7.2,1.7,2.26,2.02,4.68,80.0,6.2
p-293-1,2.0,0.54,2.1,3.068,32.92307692,7.9,3.2,2.3,3.96,6.1,38.4,7.0
p-293-1,1.72,,,0.46,76.66666667,7.0,0.76,0.1,0.98,1.218,27.6,7.9
p-293-1,1.2,,0.2,0.272,10.28571429,11.0,3.0,0.95,3.85,5.19,78.0,5.5
p-293-1,0.6,,0.1,0.212,11.2,10.3,,,,,,
p-293-1,0.85,,0.1,0.268,18.66666667,9.3,2.4,0.6,1.8,2.554,30.8,9.5
p-293-1,2.65,,0.25,0.312,4.769230769,13.6,2.0,1.1,4.0,5.324,44.8,6.5
p-294-1,0.85,0.3,2.0,2.74,44.0,6.5,2.66,1.34,3.12,4.792,66.4,6.6
p-295-1,0.36,0.2,0.72,1.19,27.0,6.1,1.4,,1.7,1.986,57.2,5.9
p-296-1,0.3,,0.1,0.198,10.88888889,7.9,1.1,0.1,2.15,2.444,38.8,6.7
p-297-2,1.4,,,0.102,34.0,6.8,0.88,0.2,2.76,3.262,60.4,6.6
p-298-1,1.9,,1.8,2.08,28.0,7.4,1.58,1.04,3.18,4.5,56.0,6.8
p-299-1,0.1,,,,,,3.05,0.1,1.2,1.408,21.6,9.0
p-3-2,0.26,,,0.021,21.0,8.4,0.98,0.46,2.52,3.23,50.0,5.9
p-30-2,1.7,0.18,2.5,2.99,31.0,6.1,1.26,0.05,2.06,2.436,54.33333333,5.7
p-300-2,0.55,0.35,1.3,2.28,63.0,5.3,0.8,0.14,3.08,3.468,49.6,6.2
p-302-1,2.0,0.2,0.6,1.11,31.0,6.1,0.82,0.78,2.82,3.814,42.8,7.0
p-303-1,0.9,0.1,,0.146,23.0,7.4,1.14,0.56,2.8,3.662,60.4,5.5
p-304-1,1.35,0.15,2.35,2.85,35.0,6.6,1.98,0.92,2.76,3.972,58.4,6.8
p-305-1,0.8,,,0.126,12.6,8.0,1.3,0.05,2.85,3.114,42.8,6.0
p-306-1,1.9,0.2,0.6,1.038,34.0,6.3,2.2,0.78,4.1,5.15,54.0,6.0
p-307-2,2.9,0.05,0.25,0.516,27.0,6.0,0.5,,0.64,0.73,18.0,5.8
p-309-1,1.8,0.55,0.8,1.35,,,1.92,0.44,1.94,2.638,51.6,5.7
p-31-2,0.66,,,0.056,7.0,12.2,1.2,0.3,0.6,0.996,19.2,9.6
p-310-2,1.1,0.65,4.15,5.284,48.4,5.1,,,,,,
p-311-1,3.65,0.05,0.2,0.314,5.818181818,5.8,,,,,,
p-311-2,1.08,0.18,2.04,2.67,45.0,5.2,1.16,0.06,2.48,2.828,57.6,6.4
p-312-1,0.6,,2.9,3.488,58.8,6.0,0.3,0.04,0.68,0.86,28.0,6.1
p-313-1,0.72,0.18,3.54,4.04,32.0,6.2,0.9,0.26,3.32,3.99,82.0,5.4
p-315-2,0.7,0.2,0.5,1.004,30.4,7.5,1.52,0.1,2.14,2.43,38.0,7.3
p-316-1,0.3,,,,,,,,,,,
p-317-1,2.0,2.35,0.7,3.388,33.8,9.1,1.8,0.56,3.7,4.536,55.2,6.0
p-318-2,0.7,0.1,2.0,2.422,32.2,6.1,0.92,0.44,2.8,3.506,53.2,5.0
p-32-1,2.2,,,,,,,,,,,
p-322-1,2.8,0.6,,0.744,14.4,9.6,,,,,,
p-323-1,1.3,,2.45,2.752,30.2,6.6,1.0,0.38,1.14,1.718,39.6,5.2
p-324-1,0.65,0.05,0.15,0.396,19.6,6.0,0.8,0.18,1.26,1.724,56.8,6.8
p-325-1,0.55,0.05,0.45,0.626,12.6,4.6,0.56,0.04,0.14,0.32,23.33333333,5.0
p-326-1,2.55,0.6,2.35,3.072,12.2,8.0,0.9,,2.68,3.0,54.8,4.6
p-328-2,0.8,,0.5,0.67,18.88888889,5.9,2.58,0.46,4.54,5.226,45.2,5.4
p-329-1,0.5,,0.5,0.716,21.6,8.6,0.8,0.14,1.94,2.342,52.4,6.4
p-33-1,2.7,0.15,0.85,1.118,10.72727273,3.1,3.02,0.62,2.48,3.35,50.0,6.2
p-331-2,0.66,,,0.05,10.0,3.6,0.86,0.14,3.8,4.306,73.2,5.3
p-332-1,0.8,,,,,,1.15,0.1,1.7,2.505,141.0,6.1
p-333-1,3.7,0.1,0.3,0.542,15.77777778,6.8,,,,,,
p-335-1,0.8,,0.7,0.89,19.0,5.7,0.92,0.22,1.5,1.898,35.6,7.7
p-336-1,0.35,,0.45,0.688,23.8,6.4,0.98,0.24,3.04,3.524,48.8,7.4
p-337-1,1.05,,1.4,1.688,28.8,5.4,,,,,,
p-338-1,1.0,,0.3,0.568,26.8,6.9,0.5,,0.44,0.598,31.6,6.8
p-339-1,0.48,,0.14,0.36,20.0,10.3,1.18,0.28,2.86,3.498,71.6,6.2
p-34-2,1.36,0.04,,0.268,32.57142857,5.3,1.0,0.2,3.3,3.728,45.6,5.9
p-340-2,0.85,,0.95,1.352,40.2,6.9,0.34,,0.3,0.628,65.6,6.0
p-341-2,0.1,,1.15,1.404,23.09090909,6.3,1.52,0.44,3.5,4.322,76.4,6.1
p-342-1,0.78,,0.42,0.586,16.6,5.8,0.74,0.12,0.92,1.232,38.4,6.6
p-343-1,3.7,0.1,0.15,0.348,12.25,9.1,2.6,0.85,1.8,3.125,95.0,6.4
p-344-1,0.45,0.15,0.15,0.586,28.6,5.7,0.9,0.14,2.82,3.226,53.2,7.0
p-345-1,1.6,0.55,1.3,2.294,44.4,5.7,1.92,0.42,4.1,4.798,55.6,5.8
p-346-1,1.65,,,0.1,11.11111111,7.6,2.6,1.0,2.76,3.932,34.4,6.2
p-347-1,0.4,,,,,,1.8,0.18,2.5,2.926,49.2,6.0
p-35-1,0.92,,0.56,0.764,20.4,5.6,1.46,0.22,3.64,4.054,38.8,6.4
p-351-1,1.35,0.8,3.15,4.322,37.2,5.7,1.12,0.36,5.5,5.86,74.4,6.4
p-352-2,0.8,,,,,,1.12,0.22,2.7,3.1,59.2,6.7
p-353-2,0.5,,0.8,0.968,15.27272727,5.7,0.8,0.1,3.64,4.008,53.6,5.9
p-354-1,1.1,,,0.102,11.33333333,4.1,0.98,0.32,2.6,3.08,32.0,7.1
p-355-1,0.3,,0.45,0.598,14.8,10.0,1.2,0.28,4.5,5.086,61.2,6.0
p-356-1,3.2,0.3,,0.482,30.33333333,7.9,2.8,0.15,2.35,3.135,127.0,6.4
p-358-1,2.5,0.2,1.8,2.378,47.25,3.9,1.4,0.38,4.58,5.342,76.4,6.1
p-359-1,2.3,,1.4,1.808,0.403960396,5.7,1.24,0.16,2.28,2.68,48.0,6.8
p-36-2,0.92,,0.44,0.582,20.28571429,3.6,2.4,1.45,3.45,5.102,40.4,5.0
p-360-1,0.46,,1.38,1.812,43.2,6.6,0.84,0.16,2.5,2.974,62.8,6.9
p-361-1,0.25,,0.1,0.184,12.0,3.7,1.8,0.6,5.7,6.578,55.6,6.7
p-362-2,2.6,,0.15,0.168,18.0,,3.45,0.2,2.8,3.43,86.0,7.0
p-363-1,2.3,,,,,,,,,,,
p-364-1,0.9,,,0.084,14.0,6.6,,,,,,
p-365-1,,,,0.012,12.0,9.7,0.58,0.12,1.28,1.598,39.6,6.8
p-368-1,1.8,,0.15,0.248,9.8,4.6,0.34,,1.12,1.31,38.0,6.4
p-369-1,3.3,0.2,0.75,1.182,23.2,8.4,2.24,0.8,5.12,6.32,80.0,5.7
p-37-1,0.6,,0.14,0.236,9.6,5.5,2.06,0.62,1.38,2.252,42.0,6.8
p-371-1,0.65,,0.15,0.442,29.2,5.2,1.1,0.14,2.12,2.548,57.6,6.0
p-372-2,0.75,0.3,1.65,2.29,34.0,6.9,1.74,0.9,4.7,5.848,49.6,5.4
p-373-2,1.96,,,0.11,27.5,5.7,1.5,0.3,3.8,4.695,119.0,5.3
p-374-2,0.35,,,0.054,6.0,10.0,1.4,0.1,3.5,4.025,85.0,5.5
p-375-2,0.55,0.4,0.4,1.008,29.71428571,4.8,1.7,1.0,3.34,4.644,60.8,6.2
p-376-2,0.12,,0.44,0.56,12.0,7.7,0.7,0.2,1.1,1.44,28.0,7.3
p-378-2,3.65,,,0.004,4.0,,0.74,0.1,0.6,0.92,44.0,10.6
p-38-2,0.46,,0.06,0.25,19.0,5.2,0.54,0.08,2.04,2.358,47.6,5.6
p-380-1,1.1,,1.8,2.196,39.6,6.1,0.48,,0.9,1.128,45.6,5.7
p-381-1,1.0,0.06,2.34,2.781,38.1,6.2,1.14,0.18,3.22,3.616,43.2,5.6
p-382-1,0.9,0.14,1.66,2.328,52.8,6.3,1.46,0.36,5.08,5.84,80.0,5.6
p-383-1,1.56,,2.72,3.045,32.5,7.0,1.16,0.22,4.9,5.542,84.4,5.7
p-384-2,0.52,,3.44,3.976,53.6,6.2,1.72,0.32,5.68,6.362,72.4,6.1
p-385-1,1.7,0.12,1.02,1.424,21.84615385,6.6,0.42,,0.4,0.528,25.6,8.2
p-386-2,1.28,,1.18,1.494,31.4,6.1,1.52,0.46,4.04,4.81,62.0,5.9
p-387-1,2.14,0.06,0.4,0.604,11.07692308,5.8,2.1,0.2,1.68,2.098,43.6,6.1
p-388-1,2.42,0.18,0.88,1.176,12.88888889,6.8,1.08,,1.42,1.532,22.4,6.3
p-389-2,2.56,,,,,,1.92,0.6,2.4,3.166,33.2,6.9
p-39-1,0.74,,,,,,1.3,0.35,2.2,2.64,15.0,9.1
p-390-1,1.5,0.26,1.52,2.106,29.63636364,7.2,2.3,0.74,3.48,4.3,51.6,6.0
p-391-1,0.45,,,0.008,4.0,10.8,,,,,,
p-392-1,2.84,0.7,0.9,1.944,31.27272727,5.7,0.84,0.2,1.6,2.024,44.8,7.1
p-394-1,,,,,,,4.22,0.98,2.42,3.56,32.0,7.9
p-395-2,0.4,,,,,,,,,,,
p-396-2,1.15,,0.65,0.826,17.6,8.6,,,,,,
p-397-2,1.5,,0.1,0.202,34.0,7.5,1.4,0.42,4.44,5.076,43.2,7.8
p-398-1,1.34,,0.88,1.15,27.0,7.1,1.3,0.28,3.76,4.3,52.0,7.1
p-399-2,1.0,,,0.014,7.0,7.4,3.34,0.62,0.26,0.91,30.0,9.2
p-40-2,0.58,,,0.064,7.111111111,6.7,0.58,0.14,1.98,2.294,34.8,7.6
p-401-2,2.1,0.14,3.16,3.828,52.8,5.9,0.78,0.1,3.3,3.662,52.4,6.4
p-402-2,1.3,,0.06,0.184,15.5,5.7,1.2,0.1,1.48,1.77,38.0,7.2
p-403-1,0.46,,,,,,1.2,0.18,2.5,2.886,41.2,6.4
p-404-1,1.96,,,,,,2.8,1.46,4.6,6.426,73.2,5.8
p-405-2,1.64,0.18,1.02,1.484,28.4,7.7,2.32,1.1,4.56,5.966,76.5,6.3
p-406-1,1.18,0.42,4.92,5.866,58.44444444,5.5,1.0,,3.5,3.684,36.8,7.6
p-407-2,1.36,,0.14,0.298,15.8,7.0,,,,,,
p-408-1,0.22,,,,,,1.58,0.12,3.42,3.802,52.4,6.7
p-409-1,0.88,,,,,,,,,,,
p-410-1,1.58,,1.36,1.82,46.0,5.2,1.7,0.1,5.2,5.662,72.4,6.0
p-411-1,2.15,0.1,0.2,0.3,,,0.5,,0.4,0.655,51.0,9.7
p-412-2,0.5,0.12,0.42,0.722,16.54545455,6.4,,,,,,
p-415-1,0.6,,0.82,1.074,25.4,7.1,1.36,0.05,4.6,4.92,54.0,6.2
p-415-1,1.35,0.25,3.25,3.858,35.8,4.4,1.26,0.32,3.5,4.012,38.4,6.5
p-415-1,0.7,0.15,1.05,1.468,29.77777778,5.2,0.62,,1.44,1.656,43.2,4.6
p-415-1,0.7,0.2,0.9,1.354,23.09090909,9.3,0.6,0.15,4.75,5.216,63.2,6.2
p-415-1,0.65,,0.5,0.672,21.5,4.7,1.22,0.08,5.2,5.28,60.33333333,5.1
p-415-1,0.28,,0.4,0.57,24.28571429,6.5,0.5,,1.35,1.56,42.0,6.5
p-416-2,1.9,0.25,1.6,2.278,42.8,6.2,0.88,0.32,4.4,5.09,74.0,6.3
p-418-1,1.65,,0.25,0.382,13.2,5.1,,0.2,1.65,2.23,76.0,6.3
p-419-2,1.2,,,,,,,,,,,
p-420-2,3.0,0.35,0.8,1.308,15.8,6.1,2.32,0.88,3.02,4.33,86.0,6.9
p-421-1,1.05,,0.35,0.57,20.0,6.5,0.36,0.06,0.44,0.602,20.4,8.1
p-422-1,0.28,,0.8,1.22,42.0,5.5,1.14,0.34,2.7,3.412,74.4,6.4
p-423-1,2.6,,,0.032,10.66666667,,2.4,1.08,4.7,6.008,45.6,5.6
p-424-1,1.56,0.1,0.22,0.52,20.0,8.2,1.5,0.44,4.76,5.524,64.8,6.1
p-425-2,0.86,0.12,2.34,2.934,47.4,6.0,0.72,0.18,3.46,4.058,83.6,5.9
p-426-1,2.0,0.3,0.5,1.048,24.8,8.2,1.84,0.18,4.38,5.165,121.0,6.3
p-427-1,1.1,,0.02,0.096,8.444444444,6.2,1.64,3.8,2.58,6.642,52.4,6.4
p-428-2,1.22,,0.1,0.174,7.4,5.2,2.4,0.6,4.4,5.164,32.8,6.9
p-429-2,1.15,,0.75,0.922,13.23076923,5.9,1.12,0.16,0.6,0.954,38.8,6.7
p-43-1,1.82,,0.36,0.466,10.6,7.9,,,,,,
p-430-2,1.4,,0.05,0.136,14.33333333,4.2,2.58,0.42,3.38,4.202,80.4,6.5
p-431-1,1.0,0.08,1.94,2.368,26.76923077,6.1,1.58,0.8,3.9,5.12,84.0,5.3
p-432-2,0.74,,,,,,,,,,,
p-435-1,2.85,0.4,0.85,1.436,20.66666667,9.3,,,,,,
p-436-1,1.2,,,0.122,20.33333333,6.3,1.4,,2.24,2.468,45.6,7.9
p-437-1,1.0,,0.8,1.08,28.0,5.0,1.0,0.26,2.24,2.826,65.2,6.5
p-438-1,0.4,,1.18,1.538,35.8,6.3,0.6,,0.56,0.772,42.4,7.0
p-439-1,1.85,,1.05,1.23,18.0,5.2,2.22,0.2,2.8,3.21,42.0,5.8
p-44-1,1.4,,2.06,2.466,40.6,5.6,1.1,0.15,3.65,4.082,56.4,6.0
p-440-1,1.2,0.25,1.4,1.896,24.6,6.3,1.38,0.52,2.8,3.618,59.6,5.9
p-441-2,1.6,0.25,0.3,0.784,23.4,2.8,,,,,,
p-443-1,1.45,,,0.074,7.4,7.4,1.48,0.1,2.56,2.976,63.2,6.8
p-445-2,1.25,0.2,0.9,1.46,36.0,6.7,1.3,0.34,4.84,5.488,61.6,5.6
p-447-1,2.55,0.4,2.15,2.942,39.2,7.1,0.7,,0.58,0.68,20.0,5.1
p-45-2,3.0,0.5,2.15,2.86,21.0,8.4,2.05,0.7,4.2,5.184,56.8,6.4
p-450-1,0.4,0.1,0.5,0.744,20.57142857,8.2,1.6,0.42,4.8,5.56,68.0,5.8
p-451-1,1.85,0.25,1.2,1.686,23.6,8.7,0.44,,1.7,1.95,50.0,6.6
p-452-1,1.75,0.35,1.15,1.74,24.0,7.5,,,,,,
p-453-1,1.55,0.4,1.55,2.194,24.4,6.0,,,,,,
p-454-2,2.35,0.5,2.1,3.032,43.2,6.5,,,,,,
p-455-1,0.85,,,0.024,24.0,7.9,0.7,0.42,0.74,1.308,29.6,8.2
p-456-1,0.75,,1.15,1.49,42.5,5.3,1.14,0.24,4.68,5.176,51.2,5.8
p-457-1,1.3,0.2,1.75,2.37,42.0,6.5,0.78,0.14,0.48,0.882,52.4,5.7
p-458-2,1.75,,,,,,1.5,0.9,1.5,2.915,103.0,6.8
p-46-1,0.82,,0.08,0.176,9.6,3.3,0.86,,1.98,2.284,60.8,5.6
p-460-1,2.0,,0.4,0.55,15.0,13.1,3.16,0.78,1.66,2.678,47.6,10.3
p-461-1,0.8,,2.0,2.35,31.81818182,6.0,0.48,0.16,0.54,0.862,32.4,5.8
p-462-1,3.55,0.25,0.55,1.072,27.2,6.8,2.04,0.38,2.44,3.176,71.2,6.7
p-464-1,1.3,0.35,0.6,1.47,52.0,6.2,4.1,0.6,3.65,4.552,60.4,6.0
p-465-2,1.1,,,0.016,8.0,9.0,2.6,0.5,4.0,4.648,29.6,7.8
p-466-1,1.7,0.3,4.72,5.574,55.4,5.4,1.24,0.28,4.02,4.64,68.0,6.3
p-467-1,1.7,,0.1,0.168,17.0,9.6,1.54,0.54,3.04,3.812,46.4,6.4
p-468-1,3.55,0.25,1.5,2.1,35.0,7.4,2.0,0.3,4.95,5.628,75.6,5.8
p-469-2,0.25,,0.1,0.158,6.444444444,4.9,0.82,0.34,3.9,4.394,30.8,6.0
p-47-1,0.14,,1.46,1.766,30.6,5.8,1.64,0.06,4.1,4.422,52.4,5.6
p-472-1,1.25,,0.1,0.186,8.6,6.9,1.54,0.16,2.66,3.06,48.0,6.5
p-473-2,1.4,0.2,1.35,1.796,24.6,7.8,1.18,0.28,3.3,3.88,60.0,6.4
p-474-1,2.4,,1.95,2.268,31.8,6.6,1.8,0.9,3.95,5.168,63.6,5.9
p-475-2,0.56,0.24,0.22,0.648,20.88888889,7.3,0.96,,2.92,3.048,25.6,6.0
p-476-1,0.3,,,0.02,10.0,6.2,1.0,0.08,3.22,3.578,55.6,5.9
p-477-2,1.5,,0.6,0.75,15.0,7.1,1.75,0.5,4.1,4.868,53.6,6.3
p-478-1,0.82,0.14,0.96,1.52,42.0,6.4,1.0,0.08,1.98,2.396,67.2,6.1
p-479-1,2.75,0.15,0.4,0.63,8.0,7.3,,,,,,
p-48-1,1.26,,0.3,0.466,16.6,7.4,1.38,,0.95,1.144,32.33333333,4.7
p-480-2,1.6,,4.8,5.404,60.4,6.3,1.3,0.16,4.4,4.878,63.6,5.2
p-481-2,0.7,0.4,5.45,6.512,66.2,5.4,1.2,0.2,2.15,2.91,112.0,5.3
p-482-1,1.9,0.5,1.25,2.064,31.4,6.8,1.2,,4.82,5.134,62.8,5.8
p-483-1,1.4,0.06,0.72,0.91,13.0,7.0,2.1,0.5,2.65,3.34,38.0,7.3
p-484-1,0.24,,0.2,0.448,41.33333333,6.3,1.18,,3.0,3.274,54.8,5.7
p-486-2,1.92,0.14,2.06,2.474,27.4,5.9,1.12,0.14,2.74,3.07,38.0,6.3
p-487-2,1.64,0.14,1.32,1.722,26.2,8.3,1.18,0.4,2.04,2.69,50.0,6.6
p-488-1,0.34,,2.02,2.464,44.4,5.3,2.0,0.78,3.04,4.166,69.2,6.1
p-489-2,2.8,,,,,,2.05,0.75,,1.29,108.0,6.3
p-49-1,1.1,,0.14,0.39,25.0,5.3,1.4,0.26,2.86,3.43,62.0,6.0
p-490-1,0.46,,1.3,1.748,44.8,6.2,2.0,0.45,4.4,5.214,72.8,6.7
p-491-2,1.58,,0.06,0.148,11.0,6.9,,,,,,
p-492-1,1.3,0.1,1.66,2.42,66.0,5.9,1.5,0.55,4.0,4.998,89.6,6.7
p-493-1,2.0,,,,,,2.0,0.15,1.65,2.085,57.0,7.5
p-495-1,0.9,,2.0,2.282,28.2,6.1,,,,,,
p-496-1,1.12,,1.1,1.402,30.2,5.9,1.3,0.34,3.82,4.362,40.4,6.1
p-497-2,2.24,0.14,2.1,2.784,54.4,7.0,1.04,0.14,3.28,3.74,64.0,5.7
p-498-1,0.44,0.12,1.16,1.666,38.6,5.5,1.3,,3.45,3.754,60.8,5.7
p-5-1,0.84,,1.62,1.954,41.75,4.7,,,,,,
p-50-1,0.78,0.1,1.66,2.118,35.8,6.1,0.9,0.18,2.66,3.208,73.6,5.9
p-500-1,0.88,0.12,3.96,4.12,13.33333333,6.2,2.52,0.6,4.66,5.502,48.4,6.5
p-501-2,2.76,1.04,4.42,6.06,66.66666667,6.6,1.6,0.1,6.7,6.8,83.2,5.7
p-503-1,0.76,0.34,2.8,3.796,65.6,5.7,1.45,0.45,2.7,3.456,61.2,5.5
p-505-1,4.42,0.4,2.0,2.884,48.4,6.2,3.15,0.7,3.65,4.614,52.8,6.3
p-506-1,2.55,1.25,5.55,7.432,63.2,5.6,1.04,0.2,1.08,1.466,37.2,5.7
p-507-1,1.84,,,0.222,22.2,6.8,1.0,0.1,0.65,1.062,52.0,6.0
p-509-1,3.6,,,,,,1.76,0.14,2.12,2.372,22.4,6.9
p-51-1,0.6,,0.88,1.062,18.2,5.6,,,,,,
p-510-1,1.16,,,0.042,7.0,3.5,0.5,,0.15,0.23,20.0,5.9
p-511-1,1.06,,0.3,0.534,21.27272727,5.3,0.65,0.05,0.65,0.842,28.4,6.0
p-512-1,1.8,0.05,0.05,0.144,22.0,5.1,3.55,0.4,3.8,4.416,43.2,6.7
p-513-1,3.4,0.3,1.5,2.026,22.6,7.7,,,,,,
p-515-1,2.18,0.06,0.12,0.41,17.69230769,7.7,1.96,0.34,2.6,3.082,23.66666667,7.4
p-516-1,1.4,,0.1,0.4,30.0,7.4,1.1,0.2,3.2,3.666,53.2,6.6
p-517-1,1.0,0.05,1.45,1.816,39.5,6.7,1.8,0.5,4.15,5.046,79.2,6.2
p-518-1,3.7,0.2,1.35,1.848,33.11111111,6.0,1.2,0.1,3.6,3.996,59.2,7.0
p-519-2,1.48,,,0.116,16.57142857,5.5,1.7,0.74,3.0,4.33,118.0,6.9
p-52-1,8.1,0.16,0.32,0.612,13.2,7.1,,,,,,
p-520-1,1.85,,,,,,,,,,,
p-520-2,4.3,0.9,1.05,2.102,15.2,8.7,4.3,2.1,3.8,6.34,88.0,6.4
p-521-1,2.75,0.45,2.2,2.692,3.5,6.7,0.8,0.15,3.6,4.034,56.8,6.5
p-522-1,0.8,,,,,,2.15,0.7,2.55,3.442,38.4,7.8
p-523-1,0.95,,0.1,0.174,9.25,8.6,0.75,,0.35,0.53,36.0,8.3
p-524-1,0.45,,,,,,,,,,,
p-526-1,2.65,0.15,1.75,2.028,12.8,7.1,1.35,0.1,3.1,3.46,52.0,6.4
p-528-1,3.55,,,0.02,5.0,6.5,1.45,0.45,0.45,1.02,24.0,6.7
p-529-2,1.0,,,0.134,13.4,7.6,2.75,3.6,5.2,9.1,47.2,5.9
p-53-2,2.2,,,,,,4.9,0.8,0.9,1.784,21.0,7.5
p-530-1,2.4,0.05,0.75,1.122,32.2,6.3,0.3,,0.4,0.564,32.8,5.7
p-531-1,3.3,,0.2,0.334,14.88888889,5.9,1.3,0.2,1.5,1.854,30.8,6.4
p-532-1,0.54,,0.06,0.234,17.4,6.7,1.3,0.42,3.24,4.25,118.0,7.0
p-533-1,0.55,0.1,0.35,0.664,21.4,6.3,0.7,0.2,2.2,2.614,42.8,6.8
p-534-1,0.8,0.06,,0.06,,,2.0,1.3,2.68,4.28,60.0,5.8
p-535-1,1.2,0.05,0.85,1.104,20.4,4.0,0.15,0.1,1.85,2.302,70.4,6.6
p-536-1,2.0,0.1,1.15,1.414,16.4,6.8,2.5,1.5,4.25,6.032,56.4,6.7
p-537-2,1.04,,2.12,2.836,71.6,5.7,1.08,0.02,4.4,4.792,74.4,5.9
p-538-1,0.95,,,0.084,8.4,6.9,1.4,0.45,2.75,3.466,53.2,6.3
p-539-2,0.88,0.46,0.4,1.234,46.75,4.3,0.68,,1.64,2.052,82.4,6.3
p-54-1,0.68,,0.1,0.12,6.666666667,7.5,1.86,0.5,3.34,4.084,48.8,5.9
p-540-2,1.8,0.15,1.4,1.758,20.8,6.6,0.6,0.1,1.65,1.92,34.0,6.7
p-541-2,2.5,0.05,0.1,0.18,30.0,9.4,,,,,,
p-542-1,1.05,0.35,2.5,3.124,27.4,7.8,1.35,0.2,3.55,4.356,101.0,6.2
p-543-1,0.8,,0.3,0.386,8.6,9.4,1.0,0.7,1.0,2.042,68.4,5.7
p-544-1,3.0,,,,,,5.6,1.8,2.4,4.49,58.0,7.5
p-545-1,3.02,,,,,,1.74,0.52,2.04,2.94,76.0,6.9
p-546-1,1.15,0.25,3.7,4.336,48.25,7.3,1.85,0.5,5.2,6.05,70.0,5.5
p-547-1,0.45,0.05,2.6,3.068,41.8,7.1,1.2,0.5,3.55,4.52,94.0,5.5
p-548-1,1.25,,0.35,0.5,15.0,7.6,0.8,0.15,2.1,2.442,32.0,6.9
p-549-1,0.26,,1.04,1.248,20.8,7.1,0.4,,1.72,1.992,54.4,6.6
p-550-1,2.3,0.15,0.5,0.98,33.0,5.8,0.6,,1.0,1.248,49.6,6.6
p-551-1,1.64,,0.94,1.178,23.8,8.5,1.85,0.7,3.5,4.5,60.0,5.4
p-552-1,0.6,0.2,1.62,2.116,29.6,7.6,1.2,0.5,2.98,3.806,65.2,5.9
p-554-1,0.22,,,,,,0.9,,4.12,4.418,59.6,5.2
p-555-1,0.8,,4.55,5.132,58.2,5.4,1.46,0.38,5.2,5.58,64.0,5.8
p-557-1,1.0,0.2,1.4,1.84,24.0,5.7,1.1,,3.5,3.806,61.2,5.7
p-558-1,1.6,0.25,3.3,4.02,58.75,5.8,1.45,0.1,3.8,4.266,73.2,5.4
p-559-2,0.5,,0.35,0.514,14.90909091,6.0,0.85,0.1,1.7,2.385,117.0,5.3
p-56-1,1.04,,0.2,0.354,17.11111111,9.6,0.76,,2.58,2.832,50.4,5.9
p-560-1,2.05,,0.15,0.268,13.11111111,8.0,4.65,2.35,2.2,4.652,34.0,7.1
p-561-1,1.22,0.16,2.32,3.006,52.6,5.6,,,,,,
p-562-1,1.75,0.25,1.55,2.066,29.55555556,6.0,1.95,0.65,3.5,4.39,48.0,6.1
p-563-1,1.32,,0.2,0.29,3.913043478,9.3,0.62,0.08,0.8,1.068,37.6,5.9
p-564-1,1.4,,0.08,0.22,10.0,8.1,2.0,0.22,1.6,2.325,101.0,7.8
p-565-1,1.62,0.12,0.64,1.098,37.55555556,5.0,1.24,0.14,4.22,4.36,70.4,5.4
p-566-1,2.52,0.98,2.36,3.85,51.0,6.1,2.34,0.84,2.86,4.048,69.6,6.9
p-567-1,0.85,,1.5,1.832,25.53846154,7.5,0.55,0.15,2.5,2.864,42.8,6.2
p-568-2,1.56,0.28,2.06,2.624,35.5,6.1,1.22,0.32,4.96,5.544,52.8,6.6
p-569-2,0.4,0.05,0.2,0.452,16.83333333,4.2,1.05,0.25,3.85,4.428,65.6,5.4
p-57-1,0.7,,,,,,2.12,,0.4,0.515,23.0,8.1
p-570-2,0.5,0.05,1.8,2.042,19.2,6.1,1.0,0.25,2.85,3.482,76.4,9.5
p-571-1,1.14,,0.04,0.182,11.83333333,7.1,1.8,0.18,2.82,3.52,104.0,6.6
p-572-1,0.95,,1.2,1.508,28.0,8.7,1.9,0.45,6.25,6.7,62.4,6.2
p-573-2,0.6,0.05,1.3,1.612,23.81818182,7.4,0.75,0.15,5.05,5.474,45.66666667,6.5
p-574-2,5.15,0.2,4.7,5.014,11.4,7.5,,,,,,
p-576-1,2.7,0.15,2.75,3.092,19.2,6.6,,,,,,
p-578-2,0.7,,0.65,0.894,24.4,9.7,1.5,0.3,3.95,4.476,45.2,6.9
p-579-1,0.9,,0.2,0.31,12.22222222,7.7,1.2,0.25,1.6,2.098,49.6,6.8
p-58-1,1.6,,4.4,5.0,54.54545455,5.4,0.8,0.2,1.06,1.474,42.8,6.3
p-580-1,1.1,0.04,2.2,2.624,38.4,5.5,0.52,,1.16,1.31,21.42857143,6.8
p-581-1,1.0,,1.55,1.792,24.2,6.0,1.55,0.2,2.7,3.174,54.8,6.6
p-583-1,1.55,0.1,1.0,1.42,32.0,4.7,1.06,0.1,3.74,4.186,69.2,5.7
p-584-1,0.45,,1.15,1.314,16.4,7.2,0.4,0.05,1.95,2.23,46.0,6.2
p-586-2,1.14,,2.5,2.87,33.63636364,7.0,1.0,0.05,3.45,3.784,56.8,6.8
p-587-1,1.6,0.08,0.64,0.998,55.6,6.0,0.85,,5.05,5.332,56.4,5.6
p-588-1,0.94,0.08,1.68,2.082,35.77777778,6.8,0.65,,1.8,2.064,52.8,6.8
p-589-1,1.26,0.12,2.78,3.466,56.6,6.0,,,,,,
p-59-1,1.0,,2.5,3.08,58.0,5.5,1.4,0.24,2.6,3.224,76.8,5.6
p-590-2,0.94,,0.4,0.63,28.75,8.8,0.95,0.2,4.0,4.2,,5.5
p-591-1,1.62,0.2,0.88,1.37,32.22222222,7.6,0.95,0.15,2.55,3.034,66.8,6.7
p-592-1,1.04,,3.08,3.662,58.2,9.1,1.15,0.2,3.55,4.16,82.0,6.1
p-593-2,0.6,0.08,0.5,0.864,28.4,7.5,0.95,0.1,3.25,3.614,52.8,6.8
p-594-2,0.3,,2.36,2.83,47.0,6.3,,,,,,
p-595-1,1.15,0.2,0.2,0.532,26.4,5.8,0.6,0.26,0.64,1.032,22.0,4.8
p-596-2,0.84,,0.8,1.044,30.5,5.8,,,,,,
p-597-1,0.5,,,0.144,14.4,8.2,1.45,0.4,3.9,4.538,47.6,6.6
p-598-1,1.26,,0.24,0.56,35.55555556,5.7,0.9,,3.3,3.508,41.6,6.9
p-599-2,0.9,0.14,2.26,3.074,67.4,6.1,1.1,0.2,4.3,4.761,52.2,7.6
p-6-1,1.14,,0.5,0.688,18.8,5.3,1.74,0.16,2.7,3.092,46.4,6.6
p-60-2,0.8,,1.1,1.446,34.6,7.0,1.38,0.18,3.36,3.906,73.2,6.0
p-600-1,0.8,0.1,2.0,2.476,34.18181818,7.3,0.85,0.2,2.45,2.972,64.4,6.7
p-601-1,0.62,,0.04,0.164,10.33333333,10.0,0.7,0.15,1.2,1.516,33.2,7.8
p-602-1,2.6,,,,,,3.0,1.25,2.0,3.64,78.0,8.2
p-603-1,3.36,,0.1,0.272,17.2,7.5,1.64,0.42,3.0,4.27,170.0,7.1
p-604-1,2.32,,0.04,0.04,,,2.65,1.35,2.35,3.8,35.75,6.7
p-605-1,0.2,0.02,,0.034,4.666666667,,0.55,,0.9,1.114,42.8,6.9
p-606-2,1.7,0.2,1.1,1.48,18.0,9.5,1.08,,0.9,1.03,26.0,8.7
p-607-1,2.3,,0.1,0.246,14.6,7.5,,,,,,
p-608-2,1.86,,1.8,2.178,37.8,6.1,,,,,,
p-61-2,0.54,,,0.192,24.0,5.8,,,,,,
p-610-1,1.12,,0.22,0.452,21.09090909,5.4,2.08,0.56,4.24,5.555,151.0,6.9
p-611-1,0.66,,,0.132,18.85714286,7.1,1.26,0.34,4.92,5.644,76.8,6.3
p-612-1,0.6,0.18,2.54,3.148,42.8,5.6,1.35,0.4,3.75,4.436,57.2,6.2
p-613-1,0.64,0.1,2.26,2.778,41.8,5.6,1.25,0.85,5.25,6.502,80.4,6.3
p-614-1,0.96,,0.08,0.178,9.8,8.2,0.85,0.1,1.8,2.186,57.2,6.2
p-616-2,0.34,,,0.042,10.5,4.1,,,,,,
p-617-1,1.32,0.3,3.12,3.666,27.33333333,7.3,1.2,0.35,3.45,3.834,6.8,6.6
p-618-1,0.72,,0.84,1.33,49.0,5.8,1.3,0.75,2.98,3.988,51.6,6.8
p-619-1,0.72,,0.92,1.138,18.16666667,9.1,2.0,1.0,2.45,3.752,60.4,6.7
p-62-2,0.4,,,,,,2.8,0.5,1.0,1.735,47.0,8.2
p-620-1,0.56,,,,,,0.2,,,,,
p-621-1,1.52,0.44,1.54,2.336,27.38461538,7.7,0.85,1.4,3.4,5.096,59.2,6.3
p-622-1,1.72,,1.46,1.716,28.44444444,7.5,0.8,0.1,4.05,4.502,70.4,5.2
p-623-1,1.9,,0.9,1.152,19.38461538,6.4,,,,,,
p-624-1,0.86,,0.38,0.808,38.90909091,6.6,1.1,0.5,1.65,2.316,33.2,6.1
p-625-1,2.7,,,0.02,6.666666667,8.0,4.3,1.5,2.9,4.605,41.0,10.0
p-626-1,3.64,,,0.04,8.0,5.5,2.25,0.25,2.05,2.446,29.2,6.8
p-627-2,0.4,,0.24,0.368,12.8,7.9,1.65,0.2,2.15,2.528,35.6,6.4
p-628-2,2.2,0.08,0.52,0.786,18.6,8.9,1.3,0.48,4.1,4.974,78.8,5.6
p-629-1,1.2,,0.4,0.646,24.6,7.7,1.82,0.16,2.54,2.952,50.4,5.3
p-63-1,1.05,0.25,0.2,0.57,9.230769231,10.3,,,,,,
p-630-2,1.74,0.24,0.88,1.354,26.0,8.2,,,,,,
p-631-1,0.68,,0.26,0.39,16.25,8.0,1.24,0.32,4.82,5.43,58.0,5.4
p-632-1,1.82,,1.46,1.77,31.0,7.7,1.74,0.92,5.12,6.35,62.0,6.1
p-633-2,1.94,0.56,,0.56,,,1.64,0.42,1.36,2.086,61.2,5.7
p-635-1,0.24,,,,,,,,,,,
p-637-1,0.7,,0.6,0.6,,,1.94,0.4,4.6,5.7,140.0,6.2
p-638-1,0.72,,,0.01,10.0,7.9,2.68,0.86,5.8,6.66,201.0,6.0
p-639-1,3.3,0.25,0.5,0.96,23.33333333,8.7,0.5,0.15,1.1,1.675,85.0,8.8
p-64-1,0.85,,0.05,0.05,,,,,,,,
p-640-1,1.2,,,,,,2.65,1.25,2.65,4.055,31.0,8.9
p-641-1,1.9,0.1,0.45,0.64,11.25,7.9,2.85,1.35,3.6,5.215,53.0,7.3
p-642-1,0.72,0.16,0.98,1.636,49.6,6.0,0.82,0.12,1.7,2.132,62.4,6.8
p-643-1,0.88,,0.18,0.358,17.8,9.6,,,,,,
p-644-1,1.74,0.26,0.6,1.23,37.0,6.0,2.94,0.84,5.26,6.398,59.6,6.5
p-645-1,1.04,0.58,2.12,3.138,43.8,5.8,0.84,0.16,1.8,2.196,47.2,5.8
p-646-2,3.3,0.46,1.62,2.698,61.8,7.6,2.3,0.58,4.88,5.722,52.4,6.5
p-647-2,0.4,,0.38,0.674,29.4,7.1,0.75,0.1,1.75,2.088,47.6,7.3
p-648-1,1.06,0.16,2.26,2.698,27.8,7.0,1.52,1.16,1.44,2.862,52.4,6.6
p-65-1,2.5,,0.65,0.794,9.6,4.7,,,,,,
p-650-2,1.45,,0.3,0.482,18.2,5.6,1.68,0.14,3.32,3.784,64.8,5.7
p-651-2,0.55,0.2,3.6,3.8,,,1.56,0.36,5.06,5.692,54.4,6.2
p-652-1,1.95,,,0.266,33.25,4.7,4.24,0.18,,0.262,27.33333333,5.7
p-653-1,0.6,0.2,0.65,1.196,34.6,6.6,1.8,0.5,2.1,2.838,47.6,6.9
p-654-2,1.5,0.1,0.4,0.612,11.2,8.9,1.0,0.25,1.1,1.635,57.0,8.0
p-656-1,1.9,0.3,1.4,2.016,31.6,7.3,,,,,,
p-657-2,0.65,,0.35,0.51,16.0,6.6,1.12,0.36,2.7,3.226,33.2,5.6
p-658-1,0.74,,,,,,1.22,0.2,2.66,3.186,65.2,3.8
p-659-2,1.42,,1.26,1.494,23.4,5.7,0.86,0.08,1.62,1.909,41.8,5.5
p-66-1,1.5,,2.1,2.792,69.2,5.1,1.74,1.44,4.75,6.559,73.8,6.4
p-661-2,1.35,0.15,1.2,1.656,30.6,6.0,2.14,1.0,3.86,5.252,78.4,5.8
p-662-2,1.5,0.15,1.75,2.23,33.0,4.9,,,,,,
p-663-2,1.15,0.35,5.9,6.764,51.4,5.7,1.58,0.28,4.24,4.782,52.4,6.9
p-664-1,4.0,0.45,1.3,2.174,42.4,6.6,2.0,0.7,4.46,5.79,126.0,6.6
p-665-1,0.15,,,,,,1.96,2.12,1.64,4.002,48.4,6.4
p-666-1,0.35,,,,,,1.92,0.9,2.8,3.9,50.0,6.2
p-667-1,1.3,0.25,1.2,1.786,33.6,5.6,1.34,0.48,2.46,3.258,63.6,6.5
p-668-1,0.95,0.15,3.8,4.532,58.2,5.8,0.74,0.38,1.92,2.584,56.8,6.6
p-669-1,0.9,,0.3,0.674,37.4,7.8,1.34,0.64,2.0,2.94,60.0,6.9
p-67-2,1.6,,0.6,0.802,20.2,5.6,,,,,,
p-670-1,1.25,0.3,0.85,1.15,,8.5,1.78,0.82,2.32,3.356,43.2,6.8
p-671-2,0.1,,0.05,0.05,,,0.74,0.22,1.38,1.836,47.2,6.2
p-672-1,0.8,,0.85,0.85,,,1.4,0.5,3.3,4.092,58.4,7.1
p-673-2,0.2,,,0.04,8.0,4.1,1.72,0.22,3.6,4.028,41.6,5.7
p-674-1,1.2,0.2,3.6,3.8,,,2.0,0.52,5.26,6.062,56.4,4.9
p-675-1,0.25,,,0.022,7.333333333,4.7,1.4,0.44,3.7,4.402,52.4,6.5
p-679-1,1.95,0.35,2.75,3.1,,,1.34,0.54,3.14,3.93,50.0,5.3
p-68-2,3.35,0.1,0.4,0.782,28.2,5.1,,,,,,
p-680-1,1.6,,2.3,2.58,35.0,6.3,0.94,0.3,2.5,3.096,59.2,5.2
p-681-1,1.6,0.25,0.9,1.35,18.18181818,7.5,0.74,0.08,1.6,2.155,95.0,5.5
p-682-2,2.94,0.14,3.9,4.508,46.8,5.0,2.66,0.44,2.36,3.028,45.6,5.3
p-683-2,1.76,0.1,0.58,0.882,18.36363636,6.7,1.5,0.38,4.58,5.288,65.6,5.4
p-684-1,1.4,,,0.004,4.0,8.2,0.82,0.06,2.44,2.702,50.5,7.6
p-685-2,0.85,,,,,,1.36,0.14,2.24,2.512,26.4,6.7
p-687-1,1.0,0.3,0.35,0.802,15.2,11.5,1.2,0.32,2.66,3.18,40.0,8.6
p-690-1,3.2,1.3,3.65,5.5,55.0,5.6,,,,,,
p-691-1,1.8,,,0.012,4.0,10.3,1.06,0.2,1.66,2.16,60.0,6.8
p-692-1,2.12,,,0.078,13.0,7.9,1.3,0.28,1.94,2.518,59.6,6.3
p-695-1,2.06,0.08,,0.08,,,1.04,0.12,1.36,1.975,99.0,6.7
p-696-2,1.05,0.35,0.7,1.214,16.4,9.2,1.78,0.66,2.1,2.984,44.8,7.2
p-697-1,1.0,,,0.028,9.333333333,8.4,1.96,0.52,1.42,2.35,82.0,6.3
p-698-2,0.3,0.2,,0.284,14.0,6.0,1.94,0.08,1.62,1.7,,
p-699-2,1.35,0.25,0.35,0.736,13.6,7.5,1.68,0.98,2.1,3.454,74.8,6.4
p-7-1,1.3,0.48,1.72,2.576,37.6,5.3,1.24,1.1,3.64,4.954,42.8,
p-70-1,0.95,,,0.086,12.28571429,8.0,1.76,0.34,3.02,3.616,51.2,5.9
p-700-1,1.1,,0.35,0.49,15.55555556,7.4,2.14,1.24,4.0,5.554,62.8,6.9
p-702-1,1.8,,1.1,1.488,38.8,6.0,1.14,0.14,2.96,3.338,47.6,5.8
p-703-1,0.05,,,0.01,2.0,,,,,,,
p-704-2,0.85,0.25,,0.37,20.0,4.5,,,,,,
p-705-2,0.55,,,,,,2.4,0.78,3.46,4.542,60.4,6.2
p-706-1,0.15,,1.0,1.0,,,1.12,0.1,3.54,3.872,46.4,6.1
p-708-1,1.35,0.1,1.65,1.98,23.0,7.4,0.78,0.04,1.18,1.382,32.4,7.1
p-709-1,0.8,,1.0,1.328,32.8,7.3,1.92,0.58,2.74,3.632,62.4,6.2
p-71-2,1.0,,0.7,0.898,19.8,8.1,1.5,0.3,4.42,4.9,63.2,5.4
p-710-1,1.15,0.35,1.25,1.876,27.6,8.1,1.54,,4.22,4.568,69.6,5.8
p-712-2,2.7,2.0,1.4,3.908,50.8,7.1,0.38,,0.54,0.684,28.8,8.0
p-714-2,0.9,,0.55,0.772,22.2,8.9,1.16,1.0,2.88,4.262,76.4,6.6
p-715-2,0.55,,0.4,0.628,22.8,9.7,0.74,0.16,2.4,2.804,48.8,6.7
p-716-1,1.45,,1.6,1.874,27.4,7.7,1.74,0.84,4.7,5.862,64.4,6.1
p-717-2,0.75,,3.0,3.562,56.2,5.6,1.14,0.12,4.16,4.572,58.4,6.0
p-718-1,0.8,,,,,,1.1,0.4,2.76,3.688,105.6,6.2
p-72-2,0.5,,,0.066,13.2,4.0,,,,0.182,30.33333333,6.4
p-721-2,1.3,0.2,3.7,4.432,53.2,5.5,2.24,1.0,3.36,4.672,62.4,5.5
p-722-1,2.4,0.6,2.8,3.746,34.6,7.2,1.46,0.86,2.12,3.212,46.4,7.4
p-723-1,1.7,0.2,1.2,1.686,28.6,8.5,1.9,0.6,2.8,3.89,98.0,6.7
p-724-1,0.95,0.2,0.55,0.98,23.0,7.9,1.54,0.38,3.08,3.768,61.6,6.1
p-725-1,1.45,0.3,4.4,5.22,52.0,6.0,1.0,0.38,3.28,3.922,52.4,5.8
p-726-1,2.6,,1.2,1.4,16.66666667,8.0,0.78,0.06,3.1,3.85,138.0,6.5
p-727-1,0.6,,0.1,0.21,18.33333333,4.9,1.24,0.36,2.08,2.602,32.4,6.7
p-729-2,0.5,,0.85,0.85,,,0.53,0.18,2.08,2.504,48.8,6.1
p-73-2,4.0,,0.25,0.512,26.2,6.3,2.74,0.58,3.06,3.954,52.33333333,7.3
p-730-1,0.95,0.5,2.1,2.838,23.8,7.6,0.88,0.12,1.58,1.852,30.4,5.3
p-732-1,2.9,,,,,,1.54,0.3,3.76,4.38,64.0,6.4
p-736-1,0.9,1.05,1.1,2.528,27.0,4.9,2.38,2.06,3.16,5.492,54.4,5.6
p-737-1,0.5,,0.6,0.6,,,1.17,0.2,3.6,4.18,76.0,6.7
p-738-2,0.65,,0.45,0.724,27.4,6.4,0.68,0.22,2.92,3.43,58.0,6.5
p-739-1,3.78,,,0.116,38.66666667,8.2,2.26,0.26,3.9,4.652,98.4,6.2
p-74-1,1.5,0.1,0.95,1.166,11.6,5.8,0.9,0.45,3.0,3.85,80.0,7.0
p-741-1,1.3,,4.15,4.15,,,1.54,1.02,3.2,4.592,74.4,5.7
p-742-1,1.15,,0.95,1.372,42.2,5.8,2.44,1.0,1.96,3.274,62.8,6.0
p-743-1,2.06,0.78,2.6,3.84,41.81818182,6.7,1.14,0.02,4.12,4.518,75.6,6.1
p-745-1,2.45,,1.25,1.4,13.63636364,9.2,1.48,0.38,3.44,4.024,40.8,6.8
p-747-1,1.7,,4.0,4.234,23.4,8.1,1.52,0.6,2.6,3.456,51.2,6.2
p-748-1,1.8,,1.95,2.242,29.2,6.8,1.34,0.6,2.24,3.048,41.6,5.3
p-749-1,0.15,,,0.058,6.444444444,7.1,0.34,,0.58,0.698,23.6,6.5
p-750-1,0.7,0.15,1.95,2.408,34.22222222,6.3,,,,,,
p-751-1,0.95,,0.15,0.248,9.8,8.0,0.84,0.1,0.94,1.278,47.6,6.4
p-752-2,3.75,0.85,1.05,2.062,16.2,8.5,1.18,0.3,1.36,2.155,99.0,7.9
p-753-1,2.5,0.8,2.3,3.6,50.0,5.7,0.32,,0.28,0.378,24.5,6.9
p-754-2,1.35,0.55,3.25,4.332,48.36363636,6.3,1.0,0.1,2.94,3.446,67.66666667,5.5
p-755-2,1.15,0.3,0.85,1.556,40.6,5.7,0.16,0.06,0.24,0.4,16.66666667,6.4
p-758-1,3.5,0.25,0.9,1.478,32.8,7.3,2.52,0.9,5.6,6.5,41.2,6.1
p-759-1,0.9,,3.1,3.558,45.8,6.5,0.72,,3.0,3.28,56.0,6.1
p-76-1,0.9,0.12,1.9,2.384,36.4,6.3,0.92,0.06,1.32,1.662,56.4,6.6
p-760-1,0.3,,2.0,2.46,46.0,4.8,0.9,0.1,4.86,5.23,54.0,4.7
p-762-1,0.8,0.15,,0.408,23.45454545,8.0,0.06,,1.94,2.192,50.4,5.9
p-763-1,0.9,0.16,1.9,2.564,50.4,5.5,,,,,,
p-765-2,0.42,,0.24,0.24,,,0.64,0.06,0.98,1.515,95.0,6.1
p-767-2,1.86,0.44,3.22,3.994,30.36363636,7.8,3.18,1.66,6.3,7.96,62.0,5.9
p-768-2,1.02,0.34,2.16,2.956,41.45454545,6.5,0.58,0.1,2.22,2.588,53.6,6.3
p-769-1,2.2,0.16,1.4,1.778,19.81818182,7.6,1.72,0.08,3.02,3.402,60.4,6.3
p-77-1,2.15,,,,,,1.3,,3.14,3.14,,
p-771-2,1.06,0.24,3.76,4.676,67.6,5.8,1.82,0.22,5.8,6.02,67.6,6.2
p-772-1,0.84,,,,,,2.76,0.8,3.18,4.54,112.0,7.5
p-773-2,1.78,,0.48,0.638,13.16666667,8.0,1.34,,3.66,3.996,67.2,6.2
p-774-2,2.9,0.74,1.36,2.1,,,3.1,1.1,3.44,5.11,114.0,6.8
p-775-2,2.3,0.64,0.42,1.292,23.2,6.7,1.24,0.1,2.92,3.324,60.8,5.3
p-777-2,1.7,0.28,2.26,2.696,15.6,6.2,1.22,0.2,4.46,5.098,87.6,5.5
p-778-1,1.24,0.4,2.26,3.264,60.4,5.8,0.58,,1.82,2.228,81.6,5.5
p-779-1,0.82,0.42,1.06,1.956,47.6,5.6,1.9,0.32,2.6,3.162,48.4,6.6
p-78-1,0.8,,0.3,0.494,14.92307692,4.6,1.04,0.12,2.3,2.622,40.4,6.3
p-780-1,1.0,0.2,,0.516,31.6,6.0,0.58,0.02,0.54,0.818,51.6,5.7
p-781-1,3.0,0.66,2.9,4.106,54.6,7.3,1.96,0.52,3.1,3.94,64.0,6.7
p-784-1,1.0,0.16,1.98,2.14,,,1.76,0.64,6.9,7.978,87.6,5.0
p-785-1,1.4,0.52,0.38,1.12,22.0,6.1,1.64,0.28,5.2,5.762,56.4,6.4
p-786-1,1.16,0.14,1.38,1.886,36.6,6.7,1.66,0.44,4.7,5.474,66.8,6.5
p-787-1,1.28,0.56,2.32,3.332,45.2,5.9,1.32,0.46,4.36,5.136,63.2,5.8
p-788-1,1.4,0.16,1.48,2.01,37.0,7.3,1.88,0.85,4.6,5.782,66.4,6.2
p-789-1,1.04,,1.42,1.83,45.55555556,5.9,1.76,0.48,6.1,6.58,171.0,5.8
p-79-1,1.7,0.7,2.4,3.662,56.2,5.7,1.35,0.2,3.7,4.214,62.8,6.9
p-792-1,1.32,0.04,0.34,0.598,19.81818182,7.8,1.2,0.2,3.26,3.572,22.4,7.0
p-793-1,1.26,0.4,3.28,4.29,61.0,6.4,1.34,0.12,4.42,4.894,70.8,6.0
p-794-1,1.22,0.12,0.8,1.262,31.09090909,7.5,1.98,0.8,4.3,5.41,62.0,6.0
p-795-2,1.1,0.5,1.36,1.86,,,1.24,0.2,2.4,3.37,154.0,7.5
p-796-1,1.1,,,0.03,5.0,9.1,2.1,1.28,3.12,4.722,64.4,6.7
p-797-1,1.2,0.12,,0.12,,,1.1,,1.32,1.55,46.0,6.9
p-798-1,0.84,0.08,0.76,0.84,,,0.26,,0.7,0.904,40.8,8.0
p-8-1,1.88,0.08,1.48,1.808,24.8,5.8,1.42,0.72,1.44,2.332,34.4,5.0
p-80-1,1.45,0.25,4.3,5.26,71.0,5.7,0.85,0.05,2.5,2.802,50.4,6.2
p-800-1,4.36,0.16,0.66,1.15,25.38461538,8.5,1.52,0.52,1.5,2.312,48.66666667,7.8
p-802-1,0.82,0.1,2.22,2.716,36.0,5.2,1.26,2.4,2.92,5.63,62.0,6.5
p-803-1,1.72,0.16,3.7,3.86,,,1.34,0.32,3.94,4.568,61.6,7.1
p-804-1,0.24,,0.08,0.202,11.09090909,4.4,0.9,0.12,2.3,2.648,45.6,6.5
p-805-1,1.42,,,0.006,6.0,4.9,1.0,0.16,3.42,3.828,49.6,5.9
p-806-2,1.16,,,0.037,6.166666667,,,,,,,
p-807-1,1.82,0.82,0.44,1.574,28.54545455,8.3,1.3,0.38,1.12,1.708,41.6,7.4
p-81-1,1.0,,2.0,2.39,39.0,5.9,1.42,0.22,3.14,3.616,51.2,6.0
p-810-1,2.35,0.6,0.7,1.626,32.6,9.2,3.5,1.08,2.68,3.992,46.4,6.1
p-811-1,1.3,0.15,7.0,7.26,11.0,7.0,1.1,0.1,1.9,2.204,40.8,6.8
p-812-1,0.8,0.62,0.44,1.604,54.4,5.8,1.54,,2.8,3.098,59.6,6.1
p-813-1,1.04,0.06,1.04,1.416,31.6,6.8,2.1,0.64,3.16,4.078,55.6,5.7
p-814-2,0.9,0.3,0.55,1.236,38.6,7.0,1.94,1.3,3.3,5.008,81.6,5.8
p-816-2,1.08,,,0.12,60.0,6.5,,,,,,
p-818-2,0.28,,0.74,1.09,35.0,6.3,0.26,,1.74,1.998,51.6,5.8
p-819-1,1.9,,,,,,3.1,0.5,1.24,2.004,52.8,7.2
p-82-1,4.5,1.35,1.65,3.498,49.8,6.7,1.48,0.42,1.78,2.372,34.4,6.9
p-821-1,1.05,,0.25,0.388,10.61538462,6.4,,,,,,
p-822-1,1.0,0.25,0.6,1.148,29.8,7.0,1.32,0.24,3.5,4.126,77.2,6.3
p-823-1,0.42,,,0.96,160.0,7.2,0.8,0.34,1.3,1.822,36.4,7.4
p-824-1,1.6,,,0.096,13.71428571,,,,,,,
p-825-1,1.5,,0.3,0.524,22.4,9.2,2.6,1.06,5.7,7.08,64.0,6.2
p-826-2,0.55,0.05,0.1,0.35,20.0,7.1,1.7,0.32,3.02,3.612,54.4,7.2
p-827-1,2.42,0.48,,0.7,22.0,8.8,1.34,0.04,1.26,1.9,120.0,8.1
p-828-1,0.9,,1.85,2.176,29.63636364,5.5,0.5,0.18,0.58,0.908,29.6,8.3
p-829-1,1.25,0.05,2.8,2.884,2.833333333,6.8,2.04,0.68,5.34,6.28,52.0,5.4
p-83-2,2.65,1.25,0.95,2.418,31.14285714,5.4,1.94,0.56,3.62,4.562,76.4,6.6
p-830-1,1.55,0.35,2.3,2.912,23.81818182,8.8,2.9,0.92,5.5,6.73,62.0,5.5
p-831-1,0.85,0.15,,0.172,22.0,4.2,1.78,0.56,3.0,3.84,56.0,5.6
p-832-1,1.25,,,,,,1.5,1.02,2.58,3.938,67.6,6.7
p-833-1,2.65,,1.75,2.106,29.66666667,5.8,,,,,,
p-834-1,2.6,0.25,0.7,1.278,32.8,7.2,2.74,1.28,2.4,3.902,44.4,6.8
p-836-1,1.5,0.2,2.44,2.64,,,0.6,0.18,4.0,4.548,73.6,6.1
p-837-2,0.8,0.25,2.1,2.854,45.81818182,5.6,,,,,,
p-839-2,1.6,,0.3,0.478,13.69230769,7.7,0.9,0.05,4.9,5.198,49.6,6.0
p-841-1,0.95,0.05,,0.05,,,1.34,0.4,2.64,3.324,56.8,6.9
p-842-1,0.6,,1.4,1.756,23.73333333,6.5,2.0,1.28,3.68,5.272,62.4,5.3
p-844-2,0.74,,,,,,2.72,1.08,4.1,5.51,66.0,5.9
p-845-1,1.25,0.4,2.35,3.394,64.4,7.1,0.9,0.44,2.8,3.638,79.6,6.4
p-848-1,1.15,,,,,,2.52,0.4,5.06,5.74,56.0,6.1
p-849-1,1.35,0.3,2.4,3.298,59.8,6.7,,,,,,
p-85-1,1.1,,,,,,0.55,,0.1,0.375,55.0,5.5
p-850-1,0.9,,0.1,0.109,9.0,10.6,1.4,0.4,1.6,2.405,81.0,7.9
p-852-2,0.65,0.3,,0.39,11.25,7.0,1.0,0.42,3.94,4.698,67.6,5.5
p-853-1,1.95,0.4,1.7,2.544,44.4,7.5,1.2,0.2,2.54,3.014,54.8,6.1
p-855-1,2.4,,1.25,1.46,21.0,6.9,,,,,,
p-856-1,1.45,,2.3,2.816,51.6,5.9,1.58,0.54,4.1,4.982,68.4,6.0
p-857-1,2.48,0.46,0.8,1.48,20.0,8.7,2.22,0.86,3.98,5.64,160.0,6.9
p-86-2,,,,,,,1.64,0.28,1.7,2.1,40.4,7.3
p-860-1,1.45,,0.7,1.062,36.2,4.8,0.68,0.22,3.04,3.5,55.2,6.1
p-861-2,0.98,,,,,,1.62,0.2,2.46,3.035,75.0,7.0
p-863-1,1.2,0.25,1.35,1.856,25.6,7.7,1.5,0.16,3.6,4.114,70.8,6.1
p-864-2,0.6,0.25,0.45,0.878,19.77777778,7.8,0.56,,,0.008,8.0,4.8
p-865-1,2.0,0.3,2.0,2.574,27.4,8.6,1.14,0.16,0.76,1.088,33.6,7.2
p-866-1,1.5,,2.15,2.6,45.0,7.1,1.44,0.3,3.7,4.278,55.6,6.1
p-867-1,0.9,0.15,0.15,0.364,6.4,6.0,0.52,,1.6,1.88,56.0,6.1
p-868-2,4.0,,,0.048,16.0,8.8,1.7,0.34,1.7,2.845,161.0,6.7
p-869-1,0.96,,,,,,1.74,0.3,1.76,2.65,118.0,8.7
p-87-1,1.65,,,,,,1.5,0.65,2.45,3.444,68.8,6.2
p-870-2,1.25,,2.17,2.438,26.8,7.6,0.72,,2.8,3.082,56.4,5.5
p-871-1,,,,,,,1.96,0.5,5.46,5.96,49.6,6.0
p-872-1,0.9,0.25,0.21,0.594,2.977777778,4.4,0.76,2.4,3.9,7.14,168.0,5.4
p-873-1,1.55,0.35,3.1,3.886,48.44444444,6.2,0.92,0.3,2.6,3.735,167.0,6.0
p-874-1,1.0,0.2,2.75,3.606,65.6,5.7,0.9,0.06,2.68,3.49,150.0,5.6
p-875-1,1.25,,1.0,1.116,11.6,6.8,1.2,0.36,4.44,5.235,87.0,5.9
p-876-1,1.76,0.62,1.82,2.81,37.0,6.3,0.98,0.2,0.86,1.382,64.4,6.0
p-877-1,0.96,0.14,0.94,1.496,41.6,5.6,1.18,0.3,5.04,6.23,178.0,5.3
p-878-1,1.34,0.14,0.84,1.154,19.33333333,8.9,1.28,0.36,3.86,4.498,55.6,6.5
p-879-1,0.42,,,,,,1.56,0.3,2.48,3.102,64.4,6.3
p-88-1,2.1,,,,,,1.2,0.2,4.48,4.948,44.66666667,6.1
p-880-2,2.24,0.2,1.25,1.712,21.83333333,7.3,0.62,0.18,3.46,4.27,126.0,6.3
p-881-2,2.0,,1.12,1.318,19.8,8.9,2.28,0.76,4.24,5.348,69.6,6.5
p-882-1,1.06,,0.68,0.826,14.6,6.4,1.26,0.18,4.42,4.902,60.4,5.7
p-883-1,1.75,0.2,0.75,0.95,,,1.54,0.62,5.62,6.24,165.0,5.6
p-884-1,0.2,,,0.17,15.45454545,8.8,0.5,0.1,1.74,2.59,150.0,5.9
p-885-2,0.52,0.08,0.08,0.16,,,0.85,0.3,3.35,4.36,142.0,6.4
p-886-1,1.3,0.3,1.15,1.698,24.8,6.6,0.4,0.46,0.98,1.678,47.6,6.5
p-887-1,1.0,0.3,4.42,5.246,52.6,5.3,0.92,,3.6,3.946,69.2,5.8
p-888-1,0.78,0.2,0.9,1.34,24.0,7.3,1.66,0.68,3.8,4.854,74.8,5.9
p-892-1,0.92,,0.44,0.63,19.0,9.3,,,,,,
p-893-1,1.8,0.1,0.15,0.522,27.2,6.2,1.34,0.14,4.9,5.34,60.0,5.7
p-895-2,0.66,,0.74,0.894,14.0,7.4,1.08,0.36,1.98,2.562,44.4,5.7
p-898-1,1.8,0.05,0.15,0.492,41.71428571,5.8,0.88,0.24,2.86,3.422,64.4,5.7
p-898-1,2.5,0.72,2.54,3.702,36.83333333,6.0,1.56,0.82,5.4,6.644,84.8,5.1
p-898-2,1.2,0.1,1.6,2.082,34.72727273,6.8,,,,,,
p-899-1,0.9,,,0.058,7.25,4.7,1.98,0.44,2.84,3.498,43.6,5.8
p-900-2,0.56,0.1,2.3,2.88,43.63636364,7.0,0.86,0.34,2.24,2.6,55.2,7.2
p-901-1,5.4,,,0.032,16.0,2.7,1.35,0.25,1.65,2.685,157.0,7.3
p-903-1,3.5,0.35,1.5,2.116,20.46153846,7.3,1.66,1.26,4.6,6.248,77.6,5.9
p-904-1,0.6,,0.65,0.65,,,1.5,0.2,4.8,5.248,49.6,5.3
p-905-1,1.9,,0.35,0.458,7.714285714,5.8,0.46,0.22,0.74,1.046,17.2,6.3
p-906-2,1.7,,0.2,0.356,13.0,10.5,2.1,0.56,3.38,4.188,49.6,7.9
p-907-1,1.55,0.1,2.35,2.736,23.83333333,5.7,1.02,0.2,2.98,3.504,54.0,6.2
p-909-2,1.0,,0.45,0.674,22.4,6.6,0.9,0.24,3.06,3.566,53.2,5.8
p-91-2,3.8,,0.2,0.2,,,,,,,,
p-910-1,2.2,0.6,,0.888,32.0,7.3,2.38,1.2,3.96,5.506,69.2,6.2
p-911-2,2.0,0.4,1.35,2.056,25.5,6.4,1.6,0.9,4.0,5.372,78.66666667,5.8
p-912-1,0.5,0.1,0.95,1.05,,,1.1,0.22,2.96,3.18,,5.6
p-913-1,2.1,,,0.056,9.333333333,6.8,0.54,0.12,3.28,3.77,74.0,5.1
p-914-1,0.95,0.15,2.25,2.966,51.45454545,5.2,1.28,0.46,5.34,6.206,81.2,6.0
p-915-1,0.95,,1.35,1.632,23.5,9.5,0.44,,0.46,0.642,36.4,7.6
p-916-1,1.45,,,0.1,10.0,9.0,1.52,4.4,4.38,9.114,66.8,6.7
p-917-1,0.5,,,,,,1.8,0.2,3.12,3.526,41.2,7.3
p-918-1,0.4,,,,,,0.74,,2.8,3.014,42.8,6.9
p-919-2,1.35,,0.1,0.18,7.272727273,8.4,0.64,0.08,0.5,0.698,23.6,7.8
p-92-1,1.2,0.25,2.15,3.01,61.0,6.1,0.1,,1.16,1.402,48.4,6.3
p-920-1,4.1,0.1,0.25,0.35,,,3.3,0.8,1.5,2.52,44.0,9.2
p-921-1,2.2,0.1,0.7,0.922,9.384615385,6.2,0.94,0.08,2.88,3.164,40.8,6.1
p-922-1,3.75,0.2,0.15,0.518,33.6,5.6,3.7,1.8,3.4,5.43,57.5,6.3
p-924-2,1.25,,0.7,1.05,31.81818182,7.7,1.8,0.32,5.72,6.04,78.8,5.8
p-925-1,1.0,0.1,0.35,0.68,25.55555556,6.3,1.38,0.18,4.76,5.256,63.2,5.5
p-926-2,2.4,0.75,1.7,2.59,14.0,7.8,2.25,0.8,4.65,5.754,60.8,6.8
p-927-1,0.5,0.05,1.25,1.648,31.63636364,7.0,1.9,0.26,2.58,3.07,46.0,6.5
p-928-2,0.5,0.15,1.8,2.158,29.71428571,6.7,1.3,0.4,4.8,5.572,74.4,5.9
p-929-1,0.4,0.2,2.6,3.09,32.22222222,6.5,0.65,,1.35,1.54,38.0,7.5
p-93-1,2.15,0.45,2.4,3.386,53.6,6.4,1.1,0.25,5.15,5.716,63.2,5.6
p-930-1,1.05,,2.05,2.346,29.6,5.7,1.18,0.42,3.6,4.348,65.6,5.8
p-931-1,1.85,0.15,0.1,0.372,12.2,7.2,0.96,0.1,2.7,3.018,43.6,5.3
p-932-1,0.65,,0.6,1.174,57.4,4.9,1.4,0.26,,0.26,161.0,5.6
p-933-1,3.0,,0.25,0.492,24.2,7.9,,,,,,
p-934-1,1.5,,0.4,0.588,17.09090909,7.4,1.92,0.2,3.76,4.16,40.0,6.8
p-935-1,0.85,0.1,2.85,3.298,29.0,6.6,1.7,0.1,6.34,6.44,49.5,6.4
p-936-1,2.7,0.3,0.5,0.996,19.6,5.9,1.55,0.2,3.55,3.988,47.6,6.1
p-938-1,1.7,1.35,2.75,4.554,45.4,5.1,1.3,1.04,3.4,4.71,54.0,5.6
p-94-2,0.7,,1.15,1.15,,,1.0,0.15,2.9,3.39,68.0,5.8
p-940-1,1.2,0.05,0.5,0.74,19.0,9.1,1.24,0.42,1.04,1.676,43.2,8.1
p-941-2,0.7,,,0.048,9.6,9.3,1.15,0.1,1.1,1.402,40.4,7.0
p-942-1,2.3,0.05,1.4,1.45,,,1.7,0.3,3.2,3.732,46.4,6.5
p-943-1,0.55,,0.15,0.234,8.4,8.1,0.8,,,,,
p-944-1,1.65,,,,,,0.96,0.1,0.3,0.592,38.4,6.6
p-945-2,1.05,0.15,2.3,2.884,43.4,6.4,0.3,,0.38,0.5,26.4,7.4
p-946-2,0.4,,0.95,1.314,36.4,5.8,0.56,0.14,1.98,2.404,56.8,5.8
p-950-1,1.8,,0.45,0.694,24.4,4.5,0.25,0.05,0.3,0.472,24.4,7.4
p-952-1,1.55,0.4,0.55,1.274,36.0,6.7,1.28,0.28,4.5,5.148,73.6,6.2
p-954-2,0.8,,0.65,0.956,30.6,6.8,1.96,1.12,4.14,5.3,86.4,5.5
p-955-1,0.85,,,0.02,6.666666667,5.6,0.78,,3.14,3.4,52.0,4.6
p-956-1,0.95,,1.65,1.896,49.2,6.6,1.2,0.15,3.65,4.052,50.4,7.0
p-957-1,1.45,1.05,0.85,2.088,17.09090909,9.1,2.54,1.22,2.6,4.2,109.0,7.5
p-958-1,0.8,,,,,,0.5,,0.25,0.4,30.0,8.2
p-959-1,0.65,,1.0,1.236,23.6,7.0,1.45,0.15,3.1,3.408,31.6,5.9
p-96-1,3.0,0.25,0.55,1.076,30.66666667,6.2,1.85,0.3,2.25,2.786,47.2,7.2
p-961-1,1.5,,1.35,1.35,,,1.25,0.2,4.1,4.534,46.8,5.5
p-962-1,0.8,,2.0,2.562,56.2,6.2,1.15,0.05,5.3,5.722,74.4,5.9
p-963-2,0.45,,2.85,3.21,40.0,6.4,3.3,,,,,
p-964-1,1.8,0.1,0.15,0.294,4.4,7.0,1.75,0.55,4.2,5.32,114.0,6.6
p-965-1,1.1,,0.08,0.14,5.454545455,6.4,2.25,0.45,3.05,3.746,49.2,5.8
p-967-1,0.54,,,0.066,7.333333333,11.0,1.1,0.35,2.2,3.01,92.0,6.3
p-968-1,1.7,,0.16,0.23,6.363636364,6.8,,,,,,
p-969-1,0.98,,0.36,0.526,16.6,9.0,1.4,,2.7,2.962,52.4,6.5
p-97-1,0.6,,,,,,1.5,0.7,4.05,5.37,124.0,6.4
p-970-1,0.65,0.1,0.25,0.506,15.6,5.0,1.8,0.4,4.7,5.436,67.2,5.6
p-971-1,1.1,0.04,0.92,1.218,25.8,8.6,0.9,0.05,3.8,4.204,70.8,5.0
p-972-1,0.66,0.06,1.46,1.888,36.8,6.8,0.7,,3.35,3.704,70.8,5.9
p-973-1,1.26,,0.16,0.16,,,1.35,0.4,2.2,2.834,46.8,8.5
p-974-1,0.7,0.12,1.6,2.332,61.2,6.9,1.1,0.1,3.7,4.076,55.2,6.5
p-976-1,1.0,0.2,0.14,0.482,14.2,8.7,1.0,0.26,2.94,3.88,136.0,5.9
p-977-2,2.5,0.4,1.94,2.698,35.8,8.7,,,,,,
p-978-1,1.42,0.16,1.38,1.802,26.2,6.8,8.5,0.2,2.85,3.322,54.4,6.1
p-979-1,1.7,,0.98,1.22,34.28571429,5.0,1.1,0.3,2.8,3.414,62.8,5.5
p-98-2,2.1,0.4,1.3,1.926,25.11111111,7.0,0.85,0.15,3.2,3.764,82.8,6.3
p-980-2,2.16,,1.98,2.432,45.2,6.1,1.15,0.35,3.55,4.268,73.6,6.0
p-981-1,0.8,,0.12,0.19,7.0,8.0,1.3,0.45,1.7,2.42,54.0,5.5
p-982-1,0.5,,0.04,0.088,6.0,5.6,0.85,0.2,1.8,2.176,35.2,5.9
p-985-1,1.12,0.12,1.34,1.74,31.11111111,5.0,0.8,,5.3,5.604,60.8,5.3
p-986-1,0.46,0.02,1.14,1.49,33.0,6.2,0.85,0.25,3.25,3.756,51.2,5.2
p-987-1,0.6,0.14,1.4,1.99,45.0,6.6,2.1,0.25,5.5,5.75,66.0,6.4
p-99-2,0.75,0.1,0.25,0.794,44.4,4.5,0.4,0.5,2.75,3.66,82.0,6.8
p-990-1,1.44,0.14,0.6,1.084,34.4,8.5,1.9,0.5,7.25,7.75,90.0,6.0
p-991-1,0.96,,0.38,0.592,19.27272727,6.8,0.5,,1.5,1.78,56.0,6.4
p-992-1,1.64,,0.04,0.188,14.8,7.0,1.05,0.35,2.3,2.854,40.8,6.7
p-993-1,1.14,0.08,1.56,1.944,30.4,6.9,1.3,0.45,3.5,4.242,58.4,6.8
p-995-1,0.62,,0.38,0.602,22.2,7.9,0.3,0.2,1.15,1.552,50.5,7.1
p-996-1,1.1,0.1,1.54,2.044,40.4,8.0,2.35,1.1,3.25,4.716,73.2,7.5
p-997-1,0.48,,0.2,0.374,15.81818182,6.3,0.15,,1.8,2.02,44.0,6.3
p-998-1,2.35,,2.75,2.966,21.6,5.6,1.4,0.1,1.45,1.955,81.0,7.4
p-999-1,0.78,0.14,4.36,4.5,35.77777778,5.9,0.45,,1.55,1.86,62.0,7.9
