SNP,Importance
SSL2.50CH02_53807036,0.052680686
SSL2.50CH02_52433115,0.04906399
SSL2.50CH11_7257520,0.031217199
SSL2.50CH11_7257528,0.02258269
SSL2.50CH02_52515576,0.016276237
SSL2.50CH11_53127251,0.016037762
SSL2.50CH11_50508979,0.014502007
SSL2.50CH11_52945934,0.013217978
SSL2.50CH11_7175400,0.012180869
SSL2.50CH02_54078237,0.011364536
SSL2.50CH11_1732130,0.011338365
SSL2.50CH02_52515580,0.010756567
SSL2.50CH11_54105654,0.010517214
SSL2.50CH11_7668732,0.010122391
SSL2.50CH11_32361811,0.008192235
SSL2.50CH02_53239976,0.007725261
SSL2.50CH11_53759944,0.0074028037
SSL2.50CH06_45328113,0.0072891605
SSL2.50CH02_52466978,0.006925969
SSL2.50CH11_7141820,0.006920694
SSL2.50CH06_46950201,0.0068996917
SSL2.50CH11_6379583,0.00659684
SSL2.50CH11_1528967,0.0065210722
SSL2.50CH11_5605317,0.00603894
SSL2.50CH11_1943230,0.0059468094
SSL2.50CH11_52913979,0.0058971094
SSL2.50CH06_45811468,0.005792533
SSL2.50CH11_4831288,0.0057354895
SSL2.50CH06_45297021,0.005520488
SSL2.50CH02_52999708,0.0052633327
SSL2.50CH02_54449206,0.005022885
SSL2.50CH11_4809928,0.004854688
SSL2.50CH11_1374557,0.004747678
SSL2.50CH11_1513944,0.0047064144
SSL2.50CH11_8185969,0.0045866
SSL2.50CH02_54642072,0.0045514363
SSL2.50CH11_6035506,0.004452449
SSL2.50CH11_3183021,0.004382208
SSL2.50CH11_52870534,0.004251532
SSL2.50CH11_5978592,0.004061479
SSL2.50CH02_54417007,0.004018777
SSL2.50CH11_38082719,0.0040166727
SSL2.50CH11_53127244,0.004004351
SSL2.50CH06_46950246,0.0039779493
SSL2.50CH06_46785478,0.003963132
SSL2.50CH11_1732134,0.0038932117
SSL2.50CH11_1960217,0.0037853874
SSL2.50CH11_1528969,0.003744105
SSL2.50CH11_53975347,0.0036719919
SSL2.50CH11_31576403,0.0035981806
SSL2.50CH11_5917487,0.0035945266
SSL2.50CH02_52179433,0.0035461592
SSL2.50CH11_31576352,0.0035299982
SSL2.50CH11_2115079,0.003499114
SSL2.50CH11_3232324,0.0034641009
SSL2.50CH06_46802162,0.0034463818
SSL2.50CH11_1960205,0.003416384
SSL2.50CH11_3183025,0.003415864
SSL2.50CH11_2131148,0.0034034504
SSL2.50CH11_1529054,0.0033929283
SSL2.50CH11_52888414,0.0032943778
SSL2.50CH11_3133385,0.003277253
SSL2.50CH11_53580747,0.0031870962
SSL2.50CH11_52719119,0.003163585
SSL2.50CH06_45084517,0.0031312143
SSL2.50CH11_3691952,0.0031034797
SSL2.50CH02_53954746,0.0030757298
SSL2.50CH11_3870646,0.0030320617
SSL2.50CH11_52824341,0.003024551
SSL2.50CH06_45297008,0.0030192106
SSL2.50CH11_2115101,0.0029851494
SSL2.50CH06_46708362,0.0029358298
SSL2.50CH06_46802076,0.0029317767
SSL2.50CH11_51740834,0.002929313
SSL2.50CH02_52999770,0.0029211221
SSL2.50CH11_52078265,0.0028952237
SSL2.50CH02_52179417,0.002884286
SSL2.50CH11_4951723,0.0028795511
SSL2.50CH11_53759892,0.0028582313
SSL2.50CH11_4913043,0.0028553978
SSL2.50CH11_4951788,0.0028479851
SSL2.50CH11_3232359,0.0028420056
SSL2.50CH11_5917454,0.002834959
SSL2.50CH11_3232299,0.0028118214
SSL2.50CH11_53759872,0.0027607821
SSL2.50CH11_52870504,0.0027495741
SSL2.50CH06_45906083,0.0027342916
SSL2.50CH11_32139795,0.002723898
SSL2.50CH11_2115080,0.0026691507
SSL2.50CH11_54247908,0.0026660846
SSL2.50CH11_2422927,0.002640122
SSL2.50CH11_2115055,0.0026261685
SSL2.50CH11_1292776,0.0026061963
SSL2.50CH06_45084529,0.0025923739
SSL2.50CH11_50263346,0.0025029064
SSL2.50CH11_2099081,0.00248244
SSL2.50CH02_53474563,0.002478878
SSL2.50CH06_45906093,0.0024600967
SSL2.50CH11_52307546,0.0024559018
SSL2.50CH11_3112976,0.0024165066
SSL2.50CH11_928447,0.0024071138
SSL2.50CH11_5917482,0.0024020902
SSL2.50CH11_2131206,0.0023827746
SSL2.50CH11_1763068,0.0023717505
SSL2.50CH02_54315863,0.0023670783
SSL2.50CH02_52053626,0.002335623
SSL2.50CH06_46997313,0.0023309772
SSL2.50CH11_4951725,0.002317145
SSL2.50CH02_53702015,0.002308457
SSL2.50CH11_1732184,0.0022898288
SSL2.50CH11_19285741,0.0022730797
SSL2.50CH11_2439073,0.00226427
SSL2.50CH06_44845064,0.0022642035
SSL2.50CH11_3281374,0.0022328482
SSL2.50CH11_3183047,0.0022299134
SSL2.50CH11_50785502,0.0022060012
SSL2.50CH11_51351446,0.0022039283
SSL2.50CH11_2017974,0.002185409
SSL2.50CH11_2540036,0.0021772056
SSL2.50CH11_52719129,0.002167543
SSL2.50CH11_4515528,0.0021653262
SSL2.50CH11_2677622,0.0021639618
SSL2.50CH11_3133388,0.0021587755
SSL2.50CH11_3599312,0.0021543126
SSL2.50CH11_2662117,0.002147129
SSL2.50CH11_1390505,0.0021452345
SSL2.50CH11_52824310,0.0021232984
SSL2.50CH11_1374509,0.0021167758
SSL2.50CH11_1854664,0.0021056137
SSL2.50CH11_3133430,0.002104696
SSL2.50CH11_1513968,0.0020882005
SSL2.50CH11_3281390,0.002079196
SSL2.50CH11_1763090,0.0020716242
SSL2.50CH02_55048558,0.0020571644
SSL2.50CH11_48987817,0.0020567828
SSL2.50CH11_53127231,0.002055302
SSL2.50CH11_2480963,0.0020544904
SSL2.50CH11_1960212,0.0020371831
SSL2.50CH02_54014872,0.0020169043
SSL2.50CH02_52179412,0.002012698
SSL2.50CH02_53702032,0.0020020849
SSL2.50CH11_52243862,0.0019893923
SSL2.50CH11_5573718,0.0019728672
SSL2.50CH11_52292411,0.0019726716
SSL2.50CH11_1480930,0.0019724122
SSL2.50CH11_3151559,0.0019660543
SSL2.50CH02_54449264,0.0019545646
SSL2.50CH11_6364380,0.0019515658
SSL2.50CH11_8243980,0.0019302863
SSL2.50CH11_8244003,0.0019116827
SSL2.50CH11_52026158,0.0018946714
SSL2.50CH11_4392667,0.0018928655
SSL2.50CH11_3036016,0.0018915781
SSL2.50CH11_1051487,0.0018889783
SSL2.50CH11_1098207,0.0018738842
SSL2.50CH11_51790817,0.0018730401
SSL2.50CH11_3550127,0.0018472144
SSL2.50CH11_1732103,0.0018338503
SSL2.50CH11_52719118,0.0018025938
SSL2.50CH11_5605266,0.0017897604
SSL2.50CH11_2662173,0.0017835529
SSL2.50CH11_52870508,0.0017807507
SSL2.50CH06_46555157,0.001774505
SSL2.50CH11_52292369,0.0017648761
SSL2.50CH11_2836054,0.0017372484
SSL2.50CH11_9347732,0.0017323855
SSL2.50CH11_53759871,0.0017109723
SSL2.50CH11_52307587,0.0017032587
SSL2.50CH02_54394017,0.001702805
SSL2.50CH02_54747414,0.00168355
SSL2.50CH06_45032027,0.0016832184
SSL2.50CH11_1697767,0.0016721433
SSL2.50CH11_54124673,0.0016664853
SSL2.50CH11_3870632,0.0016635288
SSL2.50CH11_52243904,0.0016601356
SSL2.50CH11_2422917,0.0016542205
SSL2.50CH06_45344624,0.0016153347
SSL2.50CH11_2422928,0.0015994783
SSL2.50CH11_8244017,0.0015898934
SSL2.50CH11_5978547,0.0015860765
SSL2.50CH06_46374518,0.0015808905
SSL2.50CH11_3232305,0.0015665857
SSL2.50CH11_3870611,0.0015620389
SSL2.50CH11_1098141,0.0015477157
SSL2.50CH02_52068601,0.0015342587
SSL2.50CH06_46231303,0.0015252655
SSL2.50CH06_45573855,0.0015240606
SSL2.50CH11_6379633,0.0015193806
SSL2.50CH11_2115134,0.0015067299
SSL2.50CH11_5978565,0.0015036091
SSL2.50CH11_51351437,0.0014990007
SSL2.50CH11_1763093,0.0014841857
SSL2.50CH11_8658825,0.0014786151
SSL2.50CH11_50785571,0.0014707001
SSL2.50CH11_6364470,0.0014686702
SSL2.50CH11_2980727,0.001466286
SSL2.50CH11_4775241,0.0014607507
SSL2.50CH02_52741013,0.0014605366
SSL2.50CH11_5377706,0.0014582062
SSL2.50CH06_46215387,0.0014579896
SSL2.50CH11_1529031,0.0014552407
SSL2.50CH11_52586875,0.001452079
SSL2.50CH11_4549703,0.0014511134
SSL2.50CH02_54393996,0.0014408384
SSL2.50CH11_53253440,0.0014361698
SSL2.50CH06_46317424,0.0014163544
SSL2.50CH11_3183045,0.0013968851
SSL2.50CH06_46231261,0.0013687821
SSL2.50CH11_54247821,0.0013671708
SSL2.50CH11_1528981,0.0013622724
SSL2.50CH11_2018039,0.0013608932
SSL2.50CH11_8315679,0.0013608378
SSL2.50CH11_5605306,0.0013563692
SSL2.50CH11_8185954,0.0013562235
SSL2.50CH02_52515604,0.0013454895
SSL2.50CH11_5978615,0.0013451141
SSL2.50CH02_52977509,0.0013431668
SSL2.50CH06_45297012,0.00134177
SSL2.50CH02_54289549,0.0013339353
SSL2.50CH06_46168121,0.001331378
SSL2.50CH11_8658845,0.0013280965
SSL2.50CH11_52292429,0.0013243674
SSL2.50CH11_5073992,0.0013185784
SSL2.50CH11_1513948,0.0013169311
SSL2.50CH06_46950169,0.0013136459
SSL2.50CH11_53407400,0.0013089699
SSL2.50CH11_11935675,0.0013036221
SSL2.50CH11_54232107,0.0013028702
SSL2.50CH11_2662143,0.0013006346
SSL2.50CH11_52292449,0.0012913666
SSL2.50CH11_52568704,0.0012863713
SSL2.50CH02_54715407,0.0012825275
SSL2.50CH06_45281014,0.0012810072
SSL2.50CH02_53701974,0.0012790185
SSL2.50CH11_1960177,0.0012746227
SSL2.50CH11_1732141,0.0012731658
SSL2.50CH11_4392634,0.0012427905
SSL2.50CH02_53826295,0.0012372333
SSL2.50CH11_4913099,0.0012368121
SSL2.50CH06_46015960,0.0012312384
SSL2.50CH11_53975351,0.0012246991
SSL2.50CH11_41534561,0.0012197394
SSL2.50CH02_52977569,0.0012148082
SSL2.50CH11_1576700,0.0012079964
SSL2.50CH06_45664301,0.0012040276
SSL2.50CH11_1732142,0.0012030939
SSL2.50CH11_1576779,0.0011949512
SSL2.50CH11_4727987,0.0011900072
SSL2.50CH02_54715435,0.001184407
SSL2.50CH11_1292814,0.0011831088
SSL2.50CH11_2980642,0.0011724601
SSL2.50CH11_2496640,0.0011581405
SSL2.50CH11_4060994,0.0011549692
SSL2.50CH11_5125574,0.0011486148
SSL2.50CH11_2439003,0.0011467689
SSL2.50CH11_1480918,0.0011416624
SSL2.50CH11_4809912,0.0011403266
SSL2.50CH11_1098180,0.0011334862
SSL2.50CH02_52179393,0.001130409
SSL2.50CH11_905714,0.0011115889
SSL2.50CH11_5423827,0.001107514
SSL2.50CH11_1682232,0.0011019665
SSL2.50CH11_4846307,0.0010867682
SSL2.50CH02_54394029,0.0010861338
SSL2.50CH11_52218498,0.001083872
SSL2.50CH06_45344715,0.0010814489
SSL2.50CH06_46802093,0.0010807586
SSL2.50CH11_2115069,0.0010795868
SSL2.50CH02_52145626,0.0010779543
SSL2.50CH02_53807082,0.0010744515
SSL2.50CH11_51233628,0.0010727149
SSL2.50CH02_53323732,0.0010717841
SSL2.50CH11_1697703,0.0010706343
SSL2.50CH11_7312377,0.0010683486
SSL2.50CH02_53394988,0.001067567
SSL2.50CH11_5125620,0.0010668263
SSL2.50CH11_50431996,0.0010584734
SSL2.50CH11_5423861,0.0010565122
SSL2.50CH11_5978616,0.0010399102
SSL2.50CH02_53119436,0.0010319598
SSL2.50CH11_51061445,0.0010314479
SSL2.50CH11_52094250,0.0010314336
SSL2.50CH11_4951751,0.0010269681
SSL2.50CH11_49946674,0.001026604
SSL2.50CH11_51586205,0.0010180675
SSL2.50CH02_52179365,0.001013428
SSL2.50CH11_51045084,0.0010094377
SSL2.50CH06_45811530,0.0010066618
SSL2.50CH11_26285682,0.0010062478
SSL2.50CH06_45811485,0.0010032525
SSL2.50CH11_39217744,0.0010000225
SSL2.50CH02_53874185,0.0009942458
SSL2.50CH11_50785554,0.0009867101
SSL2.50CH02_54030675,0.00097496586
SSL2.50CH02_53119376,0.0009730255
SSL2.50CH11_3113020,0.0009726473
SSL2.50CH11_4727959,0.0009703794
SSL2.50CH11_52078341,0.00096178177
SSL2.50CH02_54331912,0.0009554304
SSL2.50CH11_53580752,0.0009517052
SSL2.50CH02_52320699,0.0009456017
SSL2.50CH06_46084358,0.00094265246
SSL2.50CH02_54747405,0.0009425915
SSL2.50CH11_4913060,0.00093791063
SSL2.50CH11_4831244,0.00093342905
SSL2.50CH11_4831325,0.0009191896
SSL2.50CH11_5917465,0.0009096519
SSL2.50CH11_2662125,0.00090914103
SSL2.50CH06_46317346,0.0009012117
SSL2.50CH02_54030672,0.0008983381
SSL2.50CH06_46317343,0.000895775
SSL2.50CH11_3112998,0.00086721714
SSL2.50CH11_2693462,0.00086143083
SSL2.50CH02_53060913,0.0008554228
SSL2.50CH02_52127149,0.0008461407
SSL2.50CH02_53874153,0.00084562704
SSL2.50CH11_1559424,0.000842103
SSL2.50CH02_52999717,0.0008414381
SSL2.50CH02_54315848,0.0008396009
SSL2.50CH11_51061448,0.00083037093
SSL2.50CH11_40025854,0.00082649075
SSL2.50CH11_8753382,0.0007987499
SSL2.50CH11_32168543,0.0007957846
SSL2.50CH11_54232072,0.00078828854
SSL2.50CH02_54315860,0.00078317086
SSL2.50CH06_45906076,0.00078287546
SSL2.50CH11_1390480,0.00078074686
SSL2.50CH11_49435814,0.0007800647
SSL2.50CH11_41534500,0.00077713165
SSL2.50CH11_49946640,0.0007759343
SSL2.50CH06_46168196,0.00077111315
SSL2.50CH11_50431979,0.00076736853
SSL2.50CH11_4727966,0.0007662719
SSL2.50CH11_6364401,0.00076619117
SSL2.50CH11_8347707,0.00076108135
SSL2.50CH11_52643870,0.0007592215
SSL2.50CH11_3113012,0.0007482619
SSL2.50CH06_46084376,0.00074112485
SSL2.50CH11_4728034,0.00073033344
SSL2.50CH11_8244045,0.00072443264
SSL2.50CH02_51913911,0.000713123
SSL2.50CH11_52643866,0.00070492516
SSL2.50CH11_51468900,0.000704364
SSL2.50CH11_50508971,0.0007032875
SSL2.50CH02_53395069,0.0006996703
SSL2.50CH11_50432012,0.000697832
SSL2.50CH06_46654578,0.00069691346
SSL2.50CH02_52179351,0.0006925007
SSL2.50CH11_6035507,0.0006851217
SSL2.50CH11_50263280,0.00067459594
SSL2.50CH02_53060865,0.0006739591
SSL2.50CH11_6035429,0.0006704285
SSL2.50CH11_53975383,0.0006667953
SSL2.50CH02_53874195,0.0006662338
SSL2.50CH11_6128217,0.00066372316
SSL2.50CH11_4392618,0.0006633201
SSL2.50CH11_4913130,0.00066247035
SSL2.50CH11_52824354,0.0006573645
SSL2.50CH11_5279365,0.0006411809
SSL2.50CH02_54118616,0.0006393464
SSL2.50CH11_52218443,0.0006281112
SSL2.50CH11_3113046,0.0006270313
SSL2.50CH11_1529055,0.00062168995
SSL2.50CH11_52094228,0.0006190694
SSL2.50CH11_41534542,0.00060278905
SSL2.50CH06_46183537,0.00058937934
SSL2.50CH06_46692436,0.0005893758
SSL2.50CH02_51965539,0.00058141607
SSL2.50CH11_7312366,0.00057887984
SSL2.50CH06_45032054,0.00057269377
SSL2.50CH11_38082710,0.0005726479
SSL2.50CH02_54289553,0.0005718371
SSL2.50CH11_52411442,0.0005595818
SSL2.50CH11_50431975,0.0005478513
SSL2.50CH11_1390442,0.0005450825
SSL2.50CH11_6379666,0.0005421534
SSL2.50CH11_31293289,0.00053379557
SSL2.50CH02_52179398,0.0005171294
SSL2.50CH11_31293273,0.0005169431
SSL2.50CH11_2539954,0.0005103105
SSL2.50CH06_46374491,0.00049813004
SSL2.50CH11_32168555,0.00049600296
SSL2.50CH06_45281101,0.00048837374
SSL2.50CH11_50509002,0.00048363628
SSL2.50CH06_46084389,0.00047928136
SSL2.50CH11_52870540,0.00047741667
SSL2.50CH11_3232366,0.00047617714
SSL2.50CH11_8658863,0.00047530507
SSL2.50CH11_11738396,0.00047337814
SSL2.50CH02_54449238,0.00046806407
SSL2.50CH11_8229013,0.0004670906
SSL2.50CH11_31293267,0.00043589476
SSL2.50CH11_49244019,0.00043414926
SSL2.50CH02_53701984,0.00043363316
SSL2.50CH06_46183549,0.00043223318
SSL2.50CH11_13930969,0.00041369162
SSL2.50CH11_52913920,0.00039745102
SSL2.50CH11_52870576,0.00039501756
SSL2.50CH11_50642290,0.00036087524
SSL2.50CH11_52094215,0.0003583609
SSL2.50CH11_52137002,0.00035075113
SSL2.50CH02_52999692,0.00034616026
SSL2.50CH02_51944260,0.0003461418
SSL2.50CH11_50818783,0.0003459368
SSL2.50CH11_7712805,0.00032196095
SSL2.50CH02_52515600,0.00031595136
SSL2.50CH11_4392605,0.00031174166
SSL2.50CH11_2496699,0.00031030565
SSL2.50CH11_4913039,0.00030096897
SSL2.50CH11_37735919,0.00027943624
SSL2.50CH06_46692409,0.00027805718
SSL2.50CH11_52824316,0.00026248515
SSL2.50CH11_35677778,0.0002568177
SSL2.50CH06_46215448,0.00023702375
SSL2.50CH02_52433057,0.00022623691
SSL2.50CH11_49244102,0.00020392826
SSL2.50CH06_46215446,0.00013863921
SSL2.50CH02_53970334,0.00013828478
SSL2.50CH06_46168173,0.00013826854
SSL2.50CH11_31576400,0.0001360557
SSL2.50CH11_50509011,0.00012993289
SSL2.50CH11_52137003,0.00012957174
SSL2.50CH11_8753470,0.00010304047
SSL2.50CH02_52068637,0.000100212135
SSL2.50CH11_50376780,8.962035e-05
SSL2.50CH11_38082764,7.314667e-05
SSL2.50CH11_50762958,6.604243e-05
SSL2.50CH11_49324043,6.0256443e-05
SSL2.50CH11_28041865,3.84251e-05
SSL2.50CH11_8753464,2.9238114e-05
SSL2.50CH11_32139816,2.7097814e-05
SSL2.50CH02_52467051,2.5915664e-05
SSL2.50CH11_42085440,1.850306e-05
SSL2.50CH11_14399654,1.410208e-05
SSL2.50CH11_31293241,1.2589593e-05
SSL2.50CH11_50376839,3.2387737e-07
SSL2.50CH11_6035513,0.0
SSL2.50CH06_46215388,0.0
SSL2.50CH06_46231274,0.0
SSL2.50CH02_54347001,0.0
SSL2.50CH06_46249453,0.0
SSL2.50CH06_46249442,0.0
SSL2.50CH06_46317376,0.0
SSL2.50CH02_53701982,0.0
SSL2.50CH02_54078274,0.0
SSL2.50CH11_1374474,0.0
SSL2.50CH11_50762979,0.0
SSL2.50CH11_24779693,0.0
SSL2.50CH11_30751784,0.0
SSL2.50CH11_30751778,0.0
SSL2.50CH11_24779636,0.0
SSL2.50CH11_50432009,0.0
SSL2.50CH06_46231259,0.0
SSL2.50CH11_50508991,0.0
SSL2.50CH11_52218474,0.0
SSL2.50CH11_52719109,0.0
SSL2.50CH11_52218459,0.0
SSL2.50CH11_8228948,0.0
SSL2.50CH11_51351451,0.0
SSL2.50CH11_8228978,0.0
SSL2.50CH11_52888442,0.0
SSL2.50CH11_8658848,0.0
SSL2.50CH11_22213258,0.0
SSL2.50CH11_42085422,0.0
SSL2.50CH11_42085419,0.0
SSL2.50CH11_42085403,0.0
SSL2.50CH11_19101229,0.0
SSL2.50CH11_52888448,0.0
SSL2.50CH11_32361806,0.0
SSL2.50CH11_18937686,0.0
SSL2.50CH02_52780222,0.0
SSL2.50CH11_30688080,0.0
SSL2.50CH11_31915337,0.0
SSL2.50CH11_13930930,0.0
SSL2.50CH11_41565980,0.0
SSL2.50CH11_24079721,0.0
SSL2.50CH11_26285703,0.0
SSL2.50CH11_32275533,0.0
SSL2.50CH02_54417044,0.0
SSL2.50CH02_54118666,0.0
SSL2.50CH02_54347005,0.0
SSL2.50CH11_52888473,0.0
SSL2.50CH11_32139766,0.0
SSL2.50CH02_54118672,0.0
SSL2.50CH11_52824347,0.0
SSL2.50CH11_49244076,0.0
SSL2.50CH11_32361776,0.0
SSL2.50CH11_31899572,0.0
SSL2.50CH11_19101213,0.0
SSL2.50CH11_36235149,0.0
SSL2.50CH11_52824311,0.0
SSL2.50CH11_14399631,0.0
SSL2.50CH06_46802113,0.0
SSL2.50CH06_46802104,0.0
SSL2.50CH11_31042307,0.0
SSL2.50CH11_31042276,0.0
SSL2.50CH11_11738370,0.0
SSL2.50CH11_50642358,0.0
SSL2.50CH11_50762919,0.0
SSL2.50CH11_52411475,0.0
