SNP,P_value,minus_log10_p
SSL2.50CH11_2693462,2.6606213871129974e-15,14.575016922211637
SSL2.50CH11_4727966,8.965351556430663e-15,14.047432675870413
SSL2.50CH11_4775241,1.225689412073306e-14,13.911619565471195
SSL2.50CH11_4515528,1.7228791652898282e-14,13.763745180873553
SSL2.50CH11_4727987,2.573379576659105e-14,13.589496150093476
SSL2.50CH11_4831244,3.61937379735318e-14,13.441366562030051
SSL2.50CH11_5125574,3.6423586266731974e-14,13.43861729579606
SSL2.50CH11_4392634,4.315236122324079e-14,13.364995435448945
SSL2.50CH11_4392618,4.964700341508901e-14,13.30410695944585
SSL2.50CH11_4392667,4.964700341508901e-14,13.30410695944585
SSL2.50CH11_4727959,5.891257805816232e-14,13.229791971799136
SSL2.50CH11_4060994,7.393477929303407e-14,13.13115121922512
SSL2.50CH11_4809912,7.60605218496629e-14,13.118840699228782
SSL2.50CH11_4728034,9.196590169870652e-14,13.036373166666127
SSL2.50CH11_3870646,9.20340362199408e-14,13.036051531253786
SSL2.50CH11_4951725,9.282195553710073e-14,13.032349286272238
SSL2.50CH11_3870611,9.603314781993437e-14,13.01757883539298
SSL2.50CH11_4549703,9.902828304139545e-14,13.004240750709814
SSL2.50CH11_4913099,1.1206321160205808e-13,12.950536935312453
SSL2.50CH11_3691952,1.3472120286836473e-13,12.870564048196258
SSL2.50CH11_2540036,1.380468330097079e-13,12.859973552242284
SSL2.50CH11_4913043,1.3913746314317698e-13,12.85655591928341
SSL2.50CH11_2662173,1.5419989102531985e-13,12.811915933205418
SSL2.50CH11_2539954,1.5732930735984717e-13,12.803190369308712
SSL2.50CH11_2662117,1.8518421929809214e-13,12.732396025017824
SSL2.50CH11_5125620,1.8820866724352935e-13,12.72536038064646
SSL2.50CH11_3870632,2.278297386512949e-13,12.642389588030404
SSL2.50CH11_4846307,2.4780618534945324e-13,12.605887857646756
SSL2.50CH11_4831325,2.759352652326429e-13,12.559192792028178
SSL2.50CH11_4831288,2.892747813422476e-13,12.538689426017744
SSL2.50CH11_2480963,2.995563957124225e-13,12.523521403521586
SSL2.50CH11_4392605,3.032166721847336e-13,12.518246922964895
SSL2.50CH11_5073992,3.039672247985724e-13,12.517173241577067
SSL2.50CH11_2496640,3.2920777422515093e-13,12.482529917496164
SSL2.50CH11_2496699,3.2920777422515093e-13,12.482529917496164
SSL2.50CH11_2662143,3.379062421274659e-13,12.471203785447733
SSL2.50CH11_4913060,3.7053330425564273e-13,12.43117275069569
SSL2.50CH11_2662125,3.7061677668894034e-13,12.431074925388083
SSL2.50CH11_4951751,4.557834799405613e-13,12.341241420052256
SSL2.50CH11_4951788,4.557834799405613e-13,12.341241420052256
SSL2.50CH11_4913039,4.616509600144025e-13,12.33568625697648
SSL2.50CH11_5279365,4.860671205576619e-13,12.313303755274603
SSL2.50CH11_1292776,5.009303492874889e-13,12.300222655416093
SSL2.50CH11_4951723,5.79837137918588e-13,12.23669397201554
SSL2.50CH11_4809928,6.260498987191403e-13,12.203391050376265
SSL2.50CH11_51468900,8.442513365963804e-13,12.073528243128472
SSL2.50CH11_3599312,9.303422837345322e-13,12.031357240060675
SSL2.50CH11_51790817,9.989258731100196e-13,12.00046673809405
SSL2.50CH11_2439073,1.599364588357106e-12,11.79605252395672
SSL2.50CH11_5377706,1.6823722402057386e-12,11.774077906289952
SSL2.50CH11_2836054,1.7426609614379786e-12,11.758787097628328
SSL2.50CH11_2980642,2.029167598825565e-12,11.692682080990751
SSL2.50CH11_50642290,2.841691781112807e-12,11.546423028808611
SSL2.50CH11_3036016,3.6216721437820856e-12,11.441090867271804
SSL2.50CH11_5605317,3.6225243542748737e-12,11.44098868607994
SSL2.50CH11_5605306,3.6225243542748737e-12,11.44098868607994
SSL2.50CH11_1374557,3.7003385487148335e-12,11.431758539956649
SSL2.50CH11_1732103,3.9917022816898476e-12,11.39884185772558
SSL2.50CH11_50785554,4.125248232129143e-12,11.384549913150346
SSL2.50CH11_2439003,4.3832947956362724e-12,11.35819932017132
SSL2.50CH11_52078341,4.399449443589411e-12,11.356601668643684
SSL2.50CH11_52824341,4.528439276068155e-12,11.344051451537284
SSL2.50CH11_50818783,5.08800251286484e-12,11.293452682870049
SSL2.50CH11_1732142,5.377690580135301e-12,11.269404189692802
SSL2.50CH11_6379583,5.523366012222497e-12,11.257796176797743
SSL2.50CH11_1374509,5.732300130367216e-12,11.24167107899521
SSL2.50CH11_3281390,5.739288710743306e-12,11.241141927835562
SSL2.50CH11_50431979,6.054982091255641e-12,11.217887137026356
SSL2.50CH11_50432012,6.241155633289823e-12,11.204734987450166
SSL2.50CH11_50432009,6.241155633289823e-12,11.204734987450166
SSL2.50CH11_4913130,6.242404872490056e-12,11.204648067105158
SSL2.50CH11_50431975,6.282117350285331e-12,11.201893955217782
SSL2.50CH11_1374474,6.345784126976378e-12,11.197514705960408
SSL2.50CH11_1480918,6.618542315563661e-12,11.179237650139722
SSL2.50CH11_1292814,6.635570826183259e-12,11.178121710930954
SSL2.50CH11_52888414,6.707425986297931e-12,11.17344411089154
SSL2.50CH11_3550127,6.829154599675013e-12,11.16563305553086
SSL2.50CH11_52586875,7.061713059215599e-12,11.151089933237246
SSL2.50CH11_1732141,8.173570713123538e-12,11.087588175753062
SSL2.50CH11_52243862,8.18471802160466e-12,11.086996278227678
SSL2.50CH11_2422928,8.437813894545473e-12,11.073770057700676
SSL2.50CH11_2422927,8.437813894545473e-12,11.073770057700676
SSL2.50CH11_52411442,8.857156672346592e-12,11.052705673112222
SSL2.50CH11_51586205,9.817562810839788e-12,11.007996311517807
SSL2.50CH11_1480930,1.0066836358493343e-11,10.997106991007266
SSL2.50CH11_51233628,1.0441384535440727e-11,10.981241909740463
SSL2.50CH11_50376839,1.0899057422077182e-11,10.962611059315453
SSL2.50CH11_40025854,1.1014707969233443e-11,10.958027012723992
SSL2.50CH11_52307546,1.144078573390206e-11,10.941544147904905
SSL2.50CH11_50642358,1.179160733358177e-11,10.92842699146756
SSL2.50CH11_26285682,1.1849122477795596e-11,10.926313811439751
SSL2.50CH11_50762919,1.193307768469104e-11,10.923247532096788
SSL2.50CH11_51061445,1.2247949010648695e-11,10.911936630314369
SSL2.50CH11_52568704,1.2576478912908158e-11,10.900440933035492
SSL2.50CH11_52411475,1.3000990810555964e-11,10.886023548680868
SSL2.50CH11_9347732,1.3309585506663536e-11,10.875835469316597
SSL2.50CH11_50376780,1.4623242177172084e-11,10.83495632754571
SSL2.50CH11_52078265,1.4670833851193102e-11,10.833545201311438
SSL2.50CH11_31293267,1.701897086962712e-11,10.769066705071356
SSL2.50CH11_1732184,1.7627081625438845e-11,10.75381958440412
SSL2.50CH11_8185954,1.814389921477113e-11,10.741269375187448
SSL2.50CH11_2422917,1.856951890344228e-11,10.731199347756547
SSL2.50CH11_52913979,1.875698675460117e-11,10.726836928268128
SSL2.50CH11_52292449,2.0086107086875145e-11,10.697104226243964
SSL2.50CH11_2099081,2.0186509239596827e-11,10.69493877511541
SSL2.50CH11_52913920,2.0884128416077485e-11,10.680183644985243
SSL2.50CH11_52643870,2.088673942637278e-11,10.680129351290931
SSL2.50CH11_50431996,2.2907605116490297e-11,10.640020311904411
SSL2.50CH11_52243904,2.439946852792772e-11,10.612619633411356
SSL2.50CH11_52719119,2.4648055764577017e-11,10.608217332127795
SSL2.50CH11_3281374,2.5013418362768127e-11,10.601826953025965
SSL2.50CH11_32168543,2.598466199933591e-11,10.585282927976316
SSL2.50CH11_32168555,2.598466199933591e-11,10.585282927976316
SSL2.50CH11_51351446,2.6229616234594248e-11,10.581208063523915
SSL2.50CH11_31293273,2.6718436034098276e-11,10.573188966916543
SSL2.50CH11_31293289,2.6885737153163678e-11,10.570478051537153
SSL2.50CH11_50785571,2.739559193761236e-11,10.56231931131026
SSL2.50CH11_52137002,2.8191435593783977e-11,10.549882807967212
SSL2.50CH11_2131206,2.8986532276875555e-11,10.537803737149243
SSL2.50CH11_14399654,2.919841173599742e-11,10.534640771601312
SSL2.50CH11_5605266,2.9372547976631497e-11,10.532058378155652
SSL2.50CH11_2677622,2.9376365388608116e-11,10.53200193861102
SSL2.50CH11_6128217,3.0309440479567495e-11,10.518422080751456
SSL2.50CH11_49435814,3.0339702054031106e-11,10.51798868844466
SSL2.50CH11_49324043,3.073794701598644e-11,10.5123251423471
SSL2.50CH11_52824316,3.1240696513665726e-11,10.505279292058836
SSL2.50CH11_52824310,3.1240696513665726e-11,10.505279292058836
SSL2.50CH11_52824311,3.1240696513665726e-11,10.505279292058836
SSL2.50CH11_52137003,3.1326093443751706e-11,10.50409376093079
SSL2.50CH11_5917465,3.198467420088427e-11,10.49505806869126
SSL2.50CH11_13930969,3.2229589572543326e-11,10.49174522497214
SSL2.50CH11_35677778,3.2620697813094575e-11,10.486506752886948
SSL2.50CH11_31293241,3.283322921891773e-11,10.48368640137092
SSL2.50CH11_50263280,3.3359045398742214e-11,10.476786385611948
SSL2.50CH11_31042276,3.3506730294526163e-11,10.474867950091545
SSL2.50CH11_31042307,3.3506730294526163e-11,10.474867950091545
SSL2.50CH11_32275533,3.3506730294526163e-11,10.474867950091545
SSL2.50CH11_26285703,3.3506730294526163e-11,10.474867950091545
SSL2.50CH11_24079721,3.3506730294526163e-11,10.474867950091545
SSL2.50CH11_41565980,3.3506730294526163e-11,10.474867950091545
SSL2.50CH11_36235149,3.3506730294526163e-11,10.474867950091545
SSL2.50CH11_19101213,3.3506730294526163e-11,10.474867950091545
SSL2.50CH11_31899572,3.3506730294526163e-11,10.474867950091545
SSL2.50CH11_30688080,3.3506730294526163e-11,10.474867950091545
SSL2.50CH11_13930930,3.364299702477345e-11,10.473105322822263
SSL2.50CH11_11935675,3.3714618516206445e-11,10.472181750038766
SSL2.50CH11_5917454,3.401049272204166e-11,10.46838707624388
SSL2.50CH11_52307587,3.417559203431392e-11,10.466283953277811
SSL2.50CH11_31915337,3.4369242130039664e-11,10.463830044306494
SSL2.50CH11_11738370,3.4637028263036713e-11,10.460459376017512
SSL2.50CH11_14399631,3.4963523828905484e-11,10.456384803087808
SSL2.50CH11_3232299,3.508295243983545e-11,10.454903865295348
SSL2.50CH11_37735919,3.557880800510908e-11,10.448808606153031
SSL2.50CH11_18937686,3.5663946422663475e-11,10.447770601296517
SSL2.50CH11_52824354,3.7742155244696976e-11,10.423173303319118
SSL2.50CH11_32361811,3.778012426476026e-11,10.4227366179491
SSL2.50CH11_32361806,3.778012426476026e-11,10.4227366179491
SSL2.50CH11_32361776,3.778012426476026e-11,10.4227366179491
SSL2.50CH11_32139766,3.8012820836219415e-11,10.420069901295385
SSL2.50CH11_49244102,3.8072480590452495e-11,10.419388826058
SSL2.50CH11_1732134,4.0837251053037226e-11,10.388943500000355
SSL2.50CH11_50785502,4.166844585436884e-11,10.380192697513897
SSL2.50CH11_52824347,4.1898745350662656e-11,10.377798981698197
SSL2.50CH11_52888473,4.2163255895879214e-11,10.375065859773295
SSL2.50CH11_1697703,4.3400017957190687e-11,10.362510090793776
SSL2.50CH11_49244019,4.3706443590922215e-11,10.359454530771286
SSL2.50CH11_49244076,4.3706443590922215e-11,10.359454530771286
SSL2.50CH11_5423827,4.391840605845705e-11,10.35735343022869
SSL2.50CH11_2131148,4.3970351401190094e-11,10.356840063582297
SSL2.50CH11_1682232,4.411880443780367e-11,10.35537626488778
SSL2.50CH11_32139795,4.47310311048199e-11,10.349391090694494
SSL2.50CH11_3133430,4.52563457302223e-11,10.344320516516316
SSL2.50CH11_5573718,4.564694581664479e-11,10.340588275289624
SSL2.50CH11_2018039,4.651857702340707e-11,10.33237357855954
SSL2.50CH11_1732130,4.661465722857832e-11,10.331477504927731
SSL2.50CH11_19101229,4.8206289675765005e-11,10.31689629385098
SSL2.50CH11_3133388,4.9591563859883706e-11,10.304592196104757
SSL2.50CH11_41534500,5.0481408393820665e-11,10.29686853710124
SSL2.50CH11_30751784,5.0509640751241485e-11,10.296625720387045
SSL2.50CH11_30751778,5.0509640751241485e-11,10.296625720387045
SSL2.50CH11_52218443,5.2032535731943286e-11,10.283725008861678
SSL2.50CH11_38082764,5.216692736033676e-11,10.282604742532923
SSL2.50CH11_2017974,5.220868241493952e-11,10.282257266895426
SSL2.50CH11_24779693,5.242167492290814e-11,10.28048910704154
SSL2.50CH11_52292429,5.3064242783799385e-11,10.275198028686026
SSL2.50CH11_6364380,5.4934095943462144e-11,10.260158018322064
SSL2.50CH11_38082710,5.6359979469788357e-11,10.24902917376281
SSL2.50CH11_6364470,5.6697039733862004e-11,10.246439615900933
SSL2.50CH11_3232305,5.682721491388898e-11,10.245443628086344
SSL2.50CH11_1854664,5.700686610880836e-11,10.244072833211996
SSL2.50CH11_3232359,5.8174796295045664e-11,10.235265128764782
SSL2.50CH11_42085422,5.872090529610122e-11,10.231207257552638
SSL2.50CH11_42085403,5.872090529610122e-11,10.231207257552638
SSL2.50CH11_5978592,5.949676469802969e-11,10.225506649599092
SSL2.50CH11_3232366,6.055813725379341e-11,10.21782749204234
SSL2.50CH11_42085419,6.105057467325982e-11,10.21431024365602
SSL2.50CH11_3232324,6.105381620997978e-11,10.214287185001035
SSL2.50CH11_1390480,6.22094443297403e-11,10.206143677866546
SSL2.50CH11_1390505,6.247330073278541e-11,10.20430554780513
SSL2.50CH11_39217744,6.328833422373695e-11,10.198676334993168
SSL2.50CH11_24779636,6.336699870147658e-11,10.198136862201803
SSL2.50CH11_52870540,7.070625464650744e-11,10.150542166990697
SSL2.50CH11_52026158,7.771037531367384e-11,10.109520993545765
SSL2.50CH11_5423861,7.888708980767074e-11,10.102994065029536
SSL2.50CH11_51061448,7.988896991438256e-11,10.097513178583338
SSL2.50CH11_52870534,8.718975946389339e-11,10.059534520451482
SSL2.50CH11_19285741,9.071151528082696e-11,10.042337578370088
SSL2.50CH11_2115079,9.376983515160883e-11,10.027936847485734
SSL2.50CH11_2115080,9.376983515160883e-11,10.027936847485734
SSL2.50CH11_50762979,9.537952211925784e-11,10.020544857845634
SSL2.50CH11_50762958,9.856716988078051e-11,10.00626771298805
SSL2.50CH11_52870576,1.0136095276334946e-10,9.994129315864152
SSL2.50CH11_52888448,1.0491476809874369e-10,9.97916337498694
SSL2.50CH11_52888442,1.0491476809874369e-10,9.97916337498694
SSL2.50CH11_52292369,1.0505387488941854e-10,9.978587924104708
SSL2.50CH11_2115101,1.0582486600241338e-10,9.975412272766064
SSL2.50CH11_1390442,1.0739989492019631e-10,9.968996143548951
SSL2.50CH11_52643866,1.0900575707528833e-10,9.962550564444664
SSL2.50CH11_1697767,1.0963369604155797e-10,9.9600559444302
SSL2.50CH11_5978615,1.1328027907997218e-10,9.94584568971484
SSL2.50CH11_1943230,1.1512352673521209e-10,9.93883591453548
SSL2.50CH11_38082719,1.1687349917727658e-10,9.932283953045305
SSL2.50CH11_5917482,1.1730707055058929e-10,9.93067581048838
SSL2.50CH11_32139816,1.1799469398598534e-10,9.92813752171437
SSL2.50CH11_22213258,1.2081346618959126e-10,9.917884655401256
SSL2.50CH11_6379666,1.2170467267188282e-10,9.914692747352042
SSL2.50CH11_42085440,1.2188757207513075e-10,9.914040573744597
SSL2.50CH11_1960177,1.2307385797488448e-10,9.909834185435418
SSL2.50CH11_3133385,1.2372187234400948e-10,9.907553516226905
SSL2.50CH06_45811468,1.2860298381503008e-10,9.89074895490037
SSL2.50CH11_6035429,1.3881645954600628e-10,9.857559036286062
SSL2.50CH11_52218498,1.5051002831642408e-10,9.82243456254595
SSL2.50CH11_7175400,1.5246520185715715e-10,9.81682926691336
SSL2.50CH11_50508979,1.5371085286971437e-10,9.81329546773102
SSL2.50CH11_52218474,1.5442373732139154e-10,9.811285941077164
SSL2.50CH11_28041865,1.5493827804496987e-10,9.80984127501008
SSL2.50CH02_53119376,1.5869588597376862e-10,9.799434331733178
SSL2.50CH11_52719118,1.59040056167643e-10,9.79849347956841
SSL2.50CH11_52719109,1.59040056167643e-10,9.79849347956841
SSL2.50CH11_52218459,1.5920031680228806e-10,9.798056072368771
SSL2.50CH11_3112998,1.5972113453592315e-10,9.796637613573235
SSL2.50CH11_1513968,1.6394150004292718e-10,9.785311095494457
SSL2.50CH11_50263346,1.7075639628913974e-10,9.767623019294748
SSL2.50CH11_5978547,1.7528641103584e-10,9.756251750996352
SSL2.50CH06_45811485,1.7596225600157603e-10,9.754580478595864
SSL2.50CH06_45811530,1.7596225600157603e-10,9.754580478595864
SSL2.50CH11_3151559,1.7946864531986336e-10,9.74601141535314
SSL2.50CH11_2115055,1.8451954138450784e-10,9.73395763348294
SSL2.50CH11_2115069,1.8451954138450784e-10,9.73395763348294
SSL2.50CH11_5978616,1.8869568094583266e-10,9.72423804028477
SSL2.50CH11_3112976,1.9335902196795477e-10,9.713635559306004
SSL2.50CH11_7668732,1.9520354554562206e-10,9.70951229836546
SSL2.50CH02_53826295,2.0376838368854407e-10,9.690863199401084
SSL2.50CH11_2115134,2.1403258081827932e-10,9.669520111732195
SSL2.50CH11_7257528,2.1732120033975627e-10,9.662897904873857
SSL2.50CH11_7257520,2.1732120033975627e-10,9.662897904873857
SSL2.50CH11_1960212,2.258920081827188e-10,9.646099133681414
SSL2.50CH11_1960205,2.258920081827188e-10,9.646099133681414
SSL2.50CH11_5917487,2.269996272835833e-10,9.64397485588536
SSL2.50CH11_6364401,2.2714848153500337e-10,9.643690162055048
SSL2.50CH11_1960217,2.37007985443431e-10,9.625237021181483
SSL2.50CH11_5978565,2.4163943630346446e-10,9.616832186063665
SSL2.50CH11_8185969,2.419765399486973e-10,9.61622673759275
SSL2.50CH11_51351437,2.449187221377495e-10,9.610978015159755
SSL2.50CH11_51351451,2.449187221377495e-10,9.610978015159755
SSL2.50CH11_8243980,2.4691999772021363e-10,9.607443735714725
SSL2.50CH11_8315679,2.5471225937821064e-10,9.593950151808356
SSL2.50CH02_52977509,2.927071797593353e-10,9.533566624707928
SSL2.50CH02_52977569,2.927071797593353e-10,9.533566624707928
SSL2.50CH11_52292411,2.9355932921688064e-10,9.532304113334243
SSL2.50CH11_52870504,2.9515760071382306e-10,9.52994602861907
SSL2.50CH02_54393996,3.0028978477187954e-10,9.522459441336355
SSL2.50CH11_3183025,3.262267982327633e-10,9.4864803662676
SSL2.50CH11_3183047,3.262267982327633e-10,9.4864803662676
SSL2.50CH11_3183045,3.262267982327633e-10,9.4864803662676
SSL2.50CH11_1513948,3.2696570699452225e-10,9.485497794875007
SSL2.50CH11_3113046,3.327878860019893e-10,9.47783249108998
SSL2.50CH11_8229013,3.513530670633065e-10,9.45425625102713
SSL2.50CH11_1513944,3.5999819924519675e-10,9.44369967162113
SSL2.50CH02_53807036,3.7964580985898336e-10,9.420621389056612
SSL2.50CH11_52870508,3.941047564384631e-10,9.404388323615716
SSL2.50CH11_8228978,3.9869169822253183e-10,9.399362807361635
SSL2.50CH11_8228948,3.9951067296888045e-10,9.398471613973085
SSL2.50CH11_1559424,4.0152365733320175e-10,9.39628886147724
SSL2.50CH11_52719129,4.032116321121562e-10,9.394466947571328
SSL2.50CH11_7712805,4.1699556374180664e-10,9.379868565296512
SSL2.50CH06_46168121,4.6185133735646325e-10,9.335497794477645
SSL2.50CH06_45906093,4.746588869457562e-10,9.323618383503552
SSL2.50CH02_52999692,5.057716950613733e-10,9.296045479109097
SSL2.50CH11_53759872,5.159133635168325e-10,9.287423222608464
SSL2.50CH11_48987817,5.395602833637183e-10,9.267960025921546
SSL2.50CH06_46015960,5.475599301052441e-10,9.261568340616394
SSL2.50CH02_53874153,5.61758413104281e-10,9.250450414703396
SSL2.50CH02_53474563,6.343900209228194e-10,9.197643657172543
SSL2.50CH11_3183021,6.692621735962606e-10,9.174403720435992
SSL2.50CH11_1098207,6.86279189843422e-10,9.163499170092564
SSL2.50CH11_1098180,6.86279189843422e-10,9.163499170092564
SSL2.50CH06_45664301,6.977479722054926e-10,9.156301416983716
SSL2.50CH11_1098141,7.539598981292223e-10,9.122651752915834
SSL2.50CH11_3113020,7.675668497474675e-10,9.114883790167204
SSL2.50CH11_6035506,7.717749516951726e-10,9.112509320759564
SSL2.50CH11_6035507,7.717749516951726e-10,9.112509320759564
SSL2.50CH11_6035513,7.717749516951726e-10,9.112509320759564
SSL2.50CH11_52094250,8.093429648560337e-10,9.09186740399815
SSL2.50CH11_52094228,8.093429648560337e-10,9.09186740399815
SSL2.50CH11_52094215,8.51568046689593e-10,9.069780642920351
SSL2.50CH11_8244045,9.046880499496699e-10,9.04350114625365
SSL2.50CH11_3113012,9.17229848726578e-10,9.03752182079086
SSL2.50CH11_51045084,1.0218573020026539e-09,8.990609747332181
SSL2.50CH06_45906076,1.0360902828418655e-09,8.98460239938647
SSL2.50CH06_45906083,1.0360902828418655e-09,8.98460239938647
SSL2.50CH11_49946640,1.0371007440165455e-09,8.98417905417476
SSL2.50CH11_6379633,1.0773522658887775e-09,8.967642270594734
SSL2.50CH11_53975347,1.0782012240281852e-09,8.967300179474194
SSL2.50CH11_11738396,1.104250840547278e-09,8.956932261487815
SSL2.50CH11_54247908,1.1067748715341823e-09,8.955940709738828
SSL2.50CH02_52999708,1.1744077922449495e-09,8.930181075856346
SSL2.50CH02_53060865,1.2634595611440295e-09,8.898438653746483
SSL2.50CH06_45344624,1.3178654373078343e-09,8.880128931789141
SSL2.50CH02_52466978,1.318149480531986e-09,8.880035337170604
SSL2.50CH02_52467051,1.318149480531986e-09,8.880035337170604
SSL2.50CH02_53954746,1.3500940464699096e-09,8.869635977845501
SSL2.50CH02_54417007,1.3814105970310235e-09,8.85967721677171
SSL2.50CH11_7312377,1.4268503117600514e-09,8.845621585530393
SSL2.50CH02_53119436,1.4838378423092172e-09,8.82861355730378
SSL2.50CH11_31576352,1.507541500335079e-09,8.821730723553687
SSL2.50CH11_7312366,1.6260525360649227e-09,8.788865426912608
SSL2.50CH02_54449206,1.7965256060595776e-09,8.745566588372427
SSL2.50CH06_46215448,1.7973794043315727e-09,8.745360239075998
SSL2.50CH06_46215446,1.7973794043315727e-09,8.745360239075998
SSL2.50CH02_53239976,1.8637430053362275e-09,8.729613973451533
SSL2.50CH02_52741013,1.899721433434958e-09,8.72131007735853
SSL2.50CH11_8347707,1.9044327543735643e-09,8.720234357694602
SSL2.50CH06_46317376,1.912070077501718e-09,8.718496194845176
SSL2.50CH06_46249442,1.912070077501718e-09,8.718496194845176
SSL2.50CH06_46249453,1.912070077501718e-09,8.718496194845176
SSL2.50CH06_46231274,1.9264988384469913e-09,8.715231248502116
SSL2.50CH11_8753382,2.039735628914988e-09,8.69042611803669
SSL2.50CH06_46084389,2.157768217681457e-09,8.665995208025757
SSL2.50CH06_46084358,2.157768217681457e-09,8.665995208025757
SSL2.50CH06_45573855,2.3662482557868518e-09,8.625939693155955
SSL2.50CH06_46168196,2.5999367361824597e-09,8.585037219514232
SSL2.50CH02_54078237,2.606856904766605e-09,8.583882807410827
SSL2.50CH02_54347001,2.627858428983758e-09,8.58039803529463
SSL2.50CH02_52515580,2.659333504266158e-09,8.575227194830884
SSL2.50CH02_52515576,2.659333504266158e-09,8.575227194830884
SSL2.50CH02_54014872,2.877639507119772e-09,8.54096361271862
SSL2.50CH11_49946674,2.916512657834064e-09,8.53513613436664
SSL2.50CH06_46084376,3.035061833395444e-09,8.517832456605564
SSL2.50CH11_31576403,3.0993505060382582e-09,8.508729306551775
SSL2.50CH06_46168173,3.1804489077294823e-09,8.497511576748156
SSL2.50CH06_46215387,3.243578170908946e-09,8.488975631020233
SSL2.50CH06_46215388,3.243578170908946e-09,8.488975631020233
SSL2.50CH11_51740834,3.2870902201313606e-09,8.483188375757898
SSL2.50CH02_54315863,3.4951316743662992e-09,8.456536458151923
SSL2.50CH11_50509002,3.49905422684065e-09,8.456049326955453
SSL2.50CH11_50508991,3.49905422684065e-09,8.456049326955453
SSL2.50CH11_50509011,3.49905422684065e-09,8.456049326955453
SSL2.50CH11_53253440,3.817534658870794e-09,8.418217011353923
SSL2.50CH06_46231259,3.9300438191884455e-09,8.405602607302525
SSL2.50CH11_50508971,3.996003041217948e-09,8.398374189919611
SSL2.50CH11_7141820,4.275955065846714e-09,8.36896686725123
SSL2.50CH11_54124673,4.397089635226115e-09,8.356834681142335
SSL2.50CH06_46317346,4.8626282759527215e-09,8.31312892884287
SSL2.50CH06_46317343,4.8626282759527215e-09,8.31312892884287
SSL2.50CH11_8658825,5.023513965987126e-09,8.29899238601066
SSL2.50CH11_8658863,5.023513965987126e-09,8.29899238601066
SSL2.50CH11_8658845,5.023513965987126e-09,8.29899238601066
SSL2.50CH11_8658848,5.023513965987126e-09,8.29899238601066
SSL2.50CH06_46654578,5.2096875564080355e-09,8.28318832211253
SSL2.50CH11_31576400,5.553989934255571e-09,8.255394911676367
SSL2.50CH02_53807082,5.8833167944252615e-09,8.230377765862666
SSL2.50CH11_8244003,5.9113976075586045e-09,8.228309828510824
SSL2.50CH02_52179351,6.122794980201027e-09,8.21305028253031
SSL2.50CH02_52999770,6.363937501970516e-09,8.196274094060437
SSL2.50CH11_53580747,6.930141255072932e-09,8.159257913198653
SSL2.50CH02_52433115,6.980048993499963e-09,8.156141529019818
SSL2.50CH06_46317424,7.724299230824687e-09,8.112140910477986
SSL2.50CH11_41534561,7.926106089730387e-09,8.100940118997016
SSL2.50CH02_52433057,7.96558114066791e-09,8.098782534115397
SSL2.50CH02_53394988,8.226828310744532e-09,8.084767566079524
SSL2.50CH11_54105654,8.435379650533805e-09,8.073895366374032
SSL2.50CH11_8244017,8.485322918992695e-09,8.071331625441998
SSL2.50CH06_46231261,8.638296901276478e-09,8.063571873179223
SSL2.50CH02_52999717,8.922914297835327e-09,8.049493278274335
SSL2.50CH06_45328113,9.349355449325581e-09,8.02921832864086
SSL2.50CH02_53060913,9.432942455873834e-09,8.025352814895815
SSL2.50CH06_46231303,9.811829898091856e-09,8.008249989507684
SSL2.50CH02_54394017,9.989136748446246e-09,8.000472041462237
SSL2.50CH02_54394029,9.989136748446246e-09,8.000472041462237
SSL2.50CH06_45281014,1.0030141884794973e-08,7.998692923475326
SSL2.50CH11_8753470,1.01471039915453e-08,7.993657888780582
SSL2.50CH11_8753464,1.01471039915453e-08,7.993657888780582
SSL2.50CH02_52780222,1.0545037633912656e-08,7.976951865979362
SSL2.50CH02_52127149,1.0903424147553677e-08,7.962437093356785
SSL2.50CH06_45344715,1.0942825972239392e-08,7.960870507466848
SSL2.50CH02_53395069,1.1279816205155625e-08,7.947697976747802
SSL2.50CH02_52068601,1.1607077189247333e-08,7.935277127409466
SSL2.50CH02_54449264,1.2049564409354422e-08,7.91902865251094
SSL2.50CH11_1528969,1.226566394282998e-08,7.911308938374588
SSL2.50CH06_46708362,1.4136531563639176e-08,7.849657132798484
SSL2.50CH11_1576700,1.4190405580232144e-08,7.848005191664471
SSL2.50CH11_1529054,1.490292985725748e-08,7.8267283426108785
SSL2.50CH02_52515604,1.5296481586868387e-08,7.815408451739846
SSL2.50CH02_52515600,1.5296481586868387e-08,7.815408451739846
SSL2.50CH11_1528967,1.536501369732801e-08,7.813467048250342
SSL2.50CH11_41534542,1.5410584469523943e-08,7.81218088969978
SSL2.50CH02_52320699,1.5748150721322092e-08,7.802770437346042
SSL2.50CH11_1528981,1.5884200958697707e-08,7.799034627104162
SSL2.50CH02_52068637,1.5897243507792984e-08,7.798678173361099
SSL2.50CH02_53874185,1.5904832982952164e-08,7.798470887069859
SSL2.50CH02_53874195,1.5904832982952164e-08,7.798470887069859
SSL2.50CH06_45084517,1.6765155055011572e-08,7.775592425579956
SSL2.50CH06_46555157,1.6933218307818116e-08,7.771260492541031
SSL2.50CH11_2980727,1.7240411480479786e-08,7.763452372991051
SSL2.50CH02_53323732,1.730782931090022e-08,7.7617573964464865
SSL2.50CH06_45281101,1.7645844065564577e-08,7.753357562906185
SSL2.50CH06_46950246,1.7696359075284583e-08,7.752116078054389
SSL2.50CH06_45297008,1.7818405389437573e-08,7.7491311645839485
SSL2.50CH02_53970334,1.8060298448647306e-08,7.743275077193626
SSL2.50CH11_54247821,1.8122516043253225e-08,7.741781507109276
SSL2.50CH11_1576779,1.908537678856777e-08,7.719299261673461
SSL2.50CH11_1529031,1.972553568003706e-08,7.704971193962637
SSL2.50CH06_45032027,2.0123154714498672e-08,7.696303933770208
SSL2.50CH11_53127244,2.0278836656025823e-08,7.6929569629659325
SSL2.50CH02_54289549,2.033159847200626e-08,7.691828475750463
SSL2.50CH02_54289553,2.033159847200626e-08,7.691828475750463
SSL2.50CH06_46183549,2.123148286347923e-08,7.673019672487953
SSL2.50CH11_54232072,2.1451488400174583e-08,7.668542569140937
SSL2.50CH02_54449238,2.2396658762516564e-08,7.6498167668995825
SSL2.50CH06_46374491,2.3632002349650334e-08,7.626499478851687
SSL2.50CH06_46950201,2.5189719776775024e-08,7.598776663787207
SSL2.50CH06_45084529,2.951400922996873e-08,7.529971791239316
SSL2.50CH06_46950169,2.970526975908292e-08,7.527166499360373
SSL2.50CH02_52179365,2.986256798282314e-08,7.52487284855956
SSL2.50CH02_54331912,3.1007112030968666e-08,7.508538681599538
SSL2.50CH02_54118616,3.199479069308713e-08,7.494920726599269
SSL2.50CH02_54118672,3.2387436854661886e-08,7.489623420743244
SSL2.50CH02_54347005,3.2629906846502445e-08,7.486384166056063
SSL2.50CH02_54417044,3.2629906846502445e-08,7.486384166056063
SSL2.50CH02_54118666,3.2785643339849294e-08,7.484316289923186
SSL2.50CH06_46183537,3.4655054787051804e-08,7.460233410229224
SSL2.50CH06_45032054,3.532786104600923e-08,7.451882656480701
SSL2.50CH11_54232107,3.7709858039833054e-08,7.423545102509077
SSL2.50CH06_46802162,3.822050259718156e-08,7.417703606298604
SSL2.50CH02_52179398,3.846814527587892e-08,7.414898752499248
SSL2.50CH02_52179393,3.846814527587892e-08,7.414898752499248
SSL2.50CH06_46802076,3.861508318150246e-08,7.413243025302403
SSL2.50CH06_46785478,3.8816389033634073e-08,7.410984868115822
SSL2.50CH11_53127231,3.9340495763339954e-08,7.40516017146482
SSL2.50CH06_46802093,3.9962210995265194e-08,7.398350491505127
SSL2.50CH06_46802104,3.9962210995265194e-08,7.398350491505127
SSL2.50CH06_46802113,3.9962210995265194e-08,7.398350491505127
SSL2.50CH02_52179417,4.05687397766766e-08,7.391808482967007
SSL2.50CH02_52179433,4.05687397766766e-08,7.391808482967007
SSL2.50CH02_52179412,4.05687397766766e-08,7.391808482967007
SSL2.50CH06_46997313,4.0848348859612334e-08,7.388825493492684
SSL2.50CH11_53975383,4.091615829941269e-08,7.388105149830108
SSL2.50CH11_53759892,4.177982924750332e-08,7.379033339296319
SSL2.50CH11_53759871,4.177982924750332e-08,7.379033339296319
SSL2.50CH11_53975351,4.205174460249199e-08,7.376215981898925
SSL2.50CH11_53759944,4.308028811800375e-08,7.36572140083272
SSL2.50CH02_54315860,4.3890056302196675e-08,7.357633862041387
SSL2.50CH02_54315848,4.3890056302196675e-08,7.357633862041387
SSL2.50CH11_53407400,5.147731535683685e-08,7.28838411048781
SSL2.50CH11_1529055,5.4473618975702115e-08,7.263813771248474
SSL2.50CH02_52053626,5.6017973956448223e-08,7.251672602678577
SSL2.50CH06_45297012,5.6411834855986856e-08,7.2486297741467824
SSL2.50CH06_45297021,5.6411834855986856e-08,7.2486297741467824
SSL2.50CH11_52945934,5.680748678670355e-08,7.245594423868491
SSL2.50CH02_54078274,5.9384822457224184e-08,7.226324537600182
SSL2.50CH06_46692436,6.05315171353634e-08,7.218018440984861
SSL2.50CH06_46692409,6.085119205659162e-08,7.21573090965201
SSL2.50CH06_44845064,6.104411352919294e-08,7.214356208624012
SSL2.50CH11_928447,6.776389531494924e-08,7.169001637134789
SSL2.50CH06_46374518,7.190345599500125e-08,7.143250235020628
SSL2.50CH02_51944260,7.282708950084858e-08,7.137707046066305
SSL2.50CH11_1051487,7.345362158336115e-08,7.133986786736964
SSL2.50CH11_1763093,7.55470991912949e-08,7.121782206763737
SSL2.50CH11_1763090,7.55470991912949e-08,7.121782206763737
SSL2.50CH11_53580752,8.459161091928636e-08,7.07267270448005
SSL2.50CH11_905714,8.727459505088633e-08,7.059112157610588
SSL2.50CH02_53702032,9.149815115942221e-08,7.038587681336535
SSL2.50CH02_53702015,9.558297714091773e-08,7.019619446552866
SSL2.50CH11_53127251,9.573872809589693e-08,7.018912346486436
SSL2.50CH02_51965539,9.715844866983193e-08,7.012519428196985
SSL2.50CH02_54747414,9.95141113504954e-08,7.002115330841061
SSL2.50CH02_54747405,9.95141113504954e-08,7.002115330841061
SSL2.50CH02_55048558,1.0607472966477593e-07,6.974388066374881
SSL2.50CH02_51913911,1.1079807177387168e-07,6.955467797597247
SSL2.50CH02_54715407,1.1960790848170026e-07,6.922240103822426
SSL2.50CH02_52145626,1.2118324309158437e-07,6.91655742914653
SSL2.50CH02_54642072,1.2317853030168212e-07,6.909464981977193
SSL2.50CH02_53701974,1.265318304208436e-07,6.897800209371763
SSL2.50CH02_54030672,1.2868757459050082e-07,6.890463384309999
SSL2.50CH02_54030675,1.2868757459050082e-07,6.890463384309999
SSL2.50CH02_54715435,1.3086099941354678e-07,6.883189767224795
SSL2.50CH02_53701984,1.3209081135118988e-07,6.879127392213404
SSL2.50CH02_53701982,1.3209081135118988e-07,6.879127392213404
SSL2.50CH11_1763068,1.3224530656436688e-07,6.87861973229366
SSL2.50CH11_1763071,1.4290143854916957e-07,6.844963399264861
SSL2.50CH02_54014893,1.4376526875637325e-07,6.842346019441864
SSL2.50CH02_54642123,1.4467503695431916e-07,6.839606398032639
SSL2.50CH06_44845073,1.4544586297263424e-07,6.837298627209693
SSL2.50CH06_44845075,1.4544586297263424e-07,6.837298627209693
SSL2.50CH06_44845093,1.4544586297263424e-07,6.837298627209693
SSL2.50CH02_53178346,1.605446289925555e-07,6.794404219140851
SSL2.50CH06_45032108,1.6322110774134726e-07,6.787223679020695
SSL2.50CH06_46374447,1.863819029113514e-07,6.729596258544756
SSL2.50CH11_51740806,1.8666717387293773e-07,6.728932047660326
SSL2.50CH11_53580796,2.0702405247478287e-07,6.6839791943969935
SSL2.50CH11_53580800,2.0702405247478287e-07,6.6839791943969935
SSL2.50CH06_46817542,2.0943469395064918e-07,6.678951373548975
SSL2.50CH06_46817540,2.1106262512164257e-07,6.6755886645630165
SSL2.50CH02_51944247,2.172797232084784e-07,6.662980800644746
SSL2.50CH02_51944275,2.172797232084784e-07,6.662980800644746
SSL2.50CH11_53407452,2.1924404919834986e-07,6.659072185580588
SSL2.50CH02_55063585,2.2978637073559214e-07,6.638675734089252
SSL2.50CH02_51813736,2.3678574534819575e-07,6.625644445964992
SSL2.50CH02_51813724,2.3678574534819575e-07,6.625644445964992
SSL2.50CH02_51813762,2.3678574534819575e-07,6.625644445964992
SSL2.50CH11_54105657,2.3696974208496701e-07,6.62530710413527
SSL2.50CH02_54657985,2.577289162959545e-07,6.588836852371675
SSL2.50CH10_63927975,2.618722581130653e-07,6.581910506869008
SSL2.50CH06_45001625,2.981781588921956e-07,6.5255241711445535
SSL2.50CH11_51740835,3.0034290173700537e-07,6.522382627651628
SSL2.50CH02_54642134,3.243060819901591e-07,6.489044906553678
SSL2.50CH11_53580806,3.2614982647442013e-07,6.486582848204568
SSL2.50CH02_51913923,3.2646321156879626e-07,6.486165751334829
SSL2.50CH10_64026860,3.36889543473841e-07,6.472512468633264
SSL2.50CH02_53807130,3.402720138761654e-07,6.468173768562014
SSL2.50CH11_54455355,3.800226797447821e-07,6.42019048392506
SSL2.50CH02_54957442,4.280579888566812e-07,6.368497393289301
SSL2.50CH11_54232105,4.336478505772426e-07,6.362862801896182
SSL2.50CH06_44845120,4.870732943473009e-07,6.312405681628297
SSL2.50CH02_51781124,5.088583162776254e-07,6.293403123408601
SSL2.50CH02_51781143,5.088583162776254e-07,6.293403123408601
SSL2.50CH11_54068182,5.118896820799528e-07,6.290823624231551
SSL2.50CH11_54068145,5.55998943352879e-07,6.2549260337712695
SSL2.50CH02_54658018,6.33399379097622e-07,6.1983223666897285
SSL2.50CH02_54657998,6.33399379097622e-07,6.1983223666897285
SSL2.50CH02_51750447,7.039207364365378e-07,6.1524762409520095
SSL2.50CH02_51750524,7.045573347675928e-07,6.152083659531192
SSL2.50CH02_51750462,7.107841948533072e-07,6.148262237822714
SSL2.50CH06_46817566,7.551472411984824e-07,6.121968359886845
SSL2.50CH11_785175,7.65524969254106e-07,6.116040639279994
SSL2.50CH11_14399705,7.736871312091981e-07,6.111434626732052
SSL2.50CH02_52111887,7.827161500572168e-07,6.106395705137097
SSL2.50CH02_52111899,7.827161500572168e-07,6.106395705137097
SSL2.50CH02_54078315,8.321871785754262e-07,6.079778979623145
SSL2.50CH02_53718785,8.347485673674292e-07,6.078444317628433
SSL2.50CH11_51740829,8.575663149593363e-07,6.066732286320377
SSL2.50CH11_655612,8.712764728140203e-07,6.059844013115012
SSL2.50CH11_54398848,1.0436183539486964e-06,5.981458291637218
SSL2.50CH11_785152,1.0689556479899094e-06,5.971040313718102
SSL2.50CH11_52666627,1.0970020927229947e-06,5.95979254393196
SSL2.50CH11_53127297,1.1677858633011445e-06,5.93263678642971
SSL2.50CH02_54957385,1.170378953044787e-06,5.931673496741509
SSL2.50CH06_47436630,1.181738066286049e-06,5.927478774700772
SSL2.50CH02_54377713,1.2524824865098e-06,5.902228338167567
SSL2.50CH02_54377641,1.314852487384504e-06,5.881122967712957
SSL2.50CH11_655603,1.3943335092417238e-06,5.855633335348663
SSL2.50CH12_3877996,1.412806586193954e-06,5.8499172891763145
SSL2.50CH12_3877982,1.412806586193954e-06,5.8499172891763145
SSL2.50CH12_3858273,1.414483477520359e-06,5.8494021211399305
SSL2.50CH06_47420150,1.4350317044114457e-06,5.843138503878532
SSL2.50CH02_51781187,1.4467268227462256e-06,5.839613466513439
SSL2.50CH02_52127238,1.4821045794401905e-06,5.829121150829452
SSL2.50CH02_52127230,1.4821045794401905e-06,5.829121150829452
SSL2.50CH12_3914910,1.533629804728791e-06,5.81427945992168
SSL2.50CH12_3914911,1.7317408193267527e-06,5.761517106059421
SSL2.50CH02_54957388,1.759478180710088e-06,5.754616114481511
SSL2.50CH12_4446579,2.0188115751618534e-06,5.694904213838041
SSL2.50CH12_3976668,2.0298274936781406e-06,5.692540869341511
SSL2.50CH12_3931613,2.0685748735819987e-06,5.684328754877241
SSL2.50CH11_581481,2.1122018915489714e-06,5.675264572788258
SSL2.50CH06_44713925,2.2606103234597414e-06,5.645774293451347
SSL2.50CH12_4374620,2.287392692931539e-06,5.640659270577715
SSL2.50CH11_53127288,2.304797679816446e-06,5.637367191921076
SSL2.50CH10_64245973,2.433757829042535e-06,5.613722638407915
SSL2.50CH11_54398887,2.4979325866547434e-06,5.6024192863937925
SSL2.50CH10_64103840,2.5003189439105293e-06,5.602004588629806
SSL2.50CH06_47241184,2.5301877801549914e-06,5.596847246073658
SSL2.50CH11_53127282,2.569592739486712e-06,5.5901357035205415
SSL2.50CH12_4509989,2.5733769706944877e-06,5.5894965898873705
SSL2.50CH11_53127287,2.5763230829543616e-06,5.58899967533942
SSL2.50CH06_47210210,3.147096000075301e-06,5.502090009019712
SSL2.50CH10_64245950,3.239178070152126e-06,5.489565176485432
SSL2.50CH12_4446659,3.2937717550888e-06,5.482306498954933
SSL2.50CH11_1066814,3.380860777028408e-06,5.470972713000347
SSL2.50CH11_54845382,3.4045560758205157e-06,5.467939508241739
SSL2.50CH06_47241214,3.42013163825064e-06,5.465957177959761
SSL2.50CH02_54315929,3.54836515354625e-06,5.44997169436169
SSL2.50CH11_1066816,3.59833783945462e-06,5.4438980641914085
SSL2.50CH06_47210231,3.6007031868697152e-06,5.443612676911807
SSL2.50CH06_44713935,3.6173271051078007e-06,5.4416122173871
SSL2.50CH06_47420207,3.762775695478656e-06,5.424491669833027
SSL2.50CH12_4532777,3.857556452513618e-06,5.41368770963662
SSL2.50CH06_47968064,3.90211837381442e-06,5.408699560078705
SSL2.50CH06_47420199,3.933242361543183e-06,5.405249292075409
SSL2.50CH06_47420201,3.933242361543183e-06,5.405249292075409
SSL2.50CH06_47452465,3.936091092993209e-06,5.404934859243109
SSL2.50CH10_64245994,4.126324029392548e-06,5.384436671018305
SSL2.50CH10_62278885,4.230580528811316e-06,5.373600033769092
SSL2.50CH12_4374662,4.243760947542176e-06,5.372249088033502
SSL2.50CH11_54333473,4.364845722680343e-06,5.3600311020094304
SSL2.50CH10_64088262,4.553142077145028e-06,5.341688797669544
SSL2.50CH06_47420152,4.594337409488781e-06,5.337777113255447
SSL2.50CH11_566334,4.998527928041433e-06,5.301157877035677
SSL2.50CH10_64103871,5.267736103842617e-06,5.27837598988255
SSL2.50CH11_566407,5.299875105913275e-06,5.275734364635397
SSL2.50CH10_64103903,5.430276856241105e-06,5.265178027856334
SSL2.50CH12_4374623,5.668013901268952e-06,5.246569093280436
SSL2.50CH02_51502458,5.739525930266352e-06,5.241123977701668
SSL2.50CH02_51502417,5.739525930266352e-06,5.241123977701668
SSL2.50CH02_51502434,5.739525930266352e-06,5.241123977701668
SSL2.50CH11_54398858,6.356393615832859e-06,5.196789217208639
SSL2.50CH10_64139410,6.394916194682017e-06,5.194165142573231
SSL2.50CH10_64139400,6.394916194682017e-06,5.194165142573231
SSL2.50CH10_64139411,6.394916194682017e-06,5.194165142573231
SSL2.50CH12_4821295,6.422128492879773e-06,5.192321009390757
SSL2.50CH10_64103843,6.745836499876296e-06,5.170964189097309
SSL2.50CH06_46802101,6.98695092248068e-06,5.155712307292484
SSL2.50CH06_47968097,7.097886872148021e-06,5.148870926824632
SSL2.50CH02_53718831,7.512428950054259e-06,5.124219622376264
SSL2.50CH12_4532750,7.586486084983531e-06,5.119959334416914
SSL2.50CH12_4532751,7.586486084983531e-06,5.119959334416914
SSL2.50CH10_63928054,7.63818976570394e-06,5.117009556073423
SSL2.50CH02_51502464,8.51678674679798e-06,5.069724226988175
SSL2.50CH10_64209615,8.710582901550902e-06,5.059952781564485
SSL2.50CH10_62278888,8.801828488454565e-06,5.055427098309257
SSL2.50CH10_64749284,8.886882164601995e-06,5.051250578310677
SSL2.50CH12_3763485,8.971140895806952e-06,5.04715232248036
SSL2.50CH10_63928069,9.076311311122511e-06,5.04209061653501
SSL2.50CH10_64661702,9.613633212770811e-06,5.017112451451014
SSL2.50CH10_63432013,9.949952062400018e-06,5.002179011624657
SSL2.50CH11_1066849,9.97632570344924e-06,5.001029380609937
SSL2.50CH10_62333960,1.009379156382538e-05,4.995945667664064
SSL2.50CH02_54377659,1.0189619773090712e-05,4.991842021442982
SSL2.50CH11_14399609,1.050161850111061e-05,4.978743762650743
SSL2.50CH06_47241151,1.1474485978587697e-05,4.940266760401858
SSL2.50CH06_47241157,1.1474485978587697e-05,4.940266760401858
SSL2.50CH10_64519059,1.1603242216158205e-05,4.935420641821045
SSL2.50CH10_62349171,1.2764317682436028e-05,4.894002395483537
SSL2.50CH10_62278936,1.2884617448944108e-05,4.889928471352811
SSL2.50CH10_62230479,1.2937162418228431e-05,4.888160969513085
SSL2.50CH10_62230533,1.2937162418228431e-05,4.888160969513085
SSL2.50CH10_62388483,1.2947356497110674e-05,4.8878188938152505
SSL2.50CH02_54377647,1.358830791846968e-05,4.866834620340641
SSL2.50CH11_54068173,1.3615571335912904e-05,4.865964130098659
SSL2.50CH02_51130940,1.380965964586954e-05,4.859817024950859
SSL2.50CH02_51131018,1.392551534379773e-05,4.85618872385073
SSL2.50CH02_51131017,1.392551534379773e-05,4.85618872385073
SSL2.50CH10_61323651,1.404845863664347e-05,4.852371322899243
SSL2.50CH02_55136693,1.4235386236113229e-05,4.846630745030051
SSL2.50CH11_54068143,1.4717923559114202e-05,4.832153457011351
SSL2.50CH06_47506743,1.5068644422603123e-05,4.82192581512154
SSL2.50CH11_54578263,1.5077252719352764e-05,4.821677785622803
SSL2.50CH11_785210,1.5265061817920917e-05,4.816301432627843
SSL2.50CH11_54611161,1.5643525134063674e-05,4.80566537571568
SSL2.50CH06_44713988,1.6075927788601613e-05,4.793823953281339
SSL2.50CH06_47840374,1.626990207137606e-05,4.788615061075986
SSL2.50CH10_60985602,1.631489140604152e-05,4.787415812584896
SSL2.50CH10_60985604,1.631489140604152e-05,4.787415812584896
SSL2.50CH10_61323728,1.6349063286694033e-05,4.78650712502655
SSL2.50CH10_61323669,1.6552651979400186e-05,4.781132415921386
SSL2.50CH10_64519021,1.70314696393411e-05,4.768747875307041
SSL2.50CH11_54440355,1.714393491471033e-05,4.765889490720067
SSL2.50CH06_44713997,1.733902665948533e-05,4.760975285653297
SSL2.50CH11_54440332,1.7649027285188625e-05,4.75327922547821
SSL2.50CH11_54440344,1.7649027285188625e-05,4.75327922547821
SSL2.50CH11_54845376,1.7991700619171485e-05,4.744927784146655
SSL2.50CH11_434954,1.8196514683601707e-05,4.740011787763881
SSL2.50CH10_60816462,1.8199936575944796e-05,4.739930125463562
SSL2.50CH11_400560,1.8256659369773574e-05,4.738578687371361
SSL2.50CH02_55136683,1.882085108929683e-05,4.725360741428007
SSL2.50CH06_47808949,2.0102657819767765e-05,4.6967465196864335
SSL2.50CH06_47506830,2.021285597512441e-05,4.694372318518028
SSL2.50CH10_64209573,2.0273871046117075e-05,4.693063320203987
SSL2.50CH02_52111958,2.0288775216119785e-05,4.692744169474079
SSL2.50CH10_60781485,2.104308097751856e-05,4.676890673568849
SSL2.50CH10_60816503,2.113502787898273e-05,4.674997174961512
SSL2.50CH06_44516120,2.158597718349167e-05,4.665828286327043
SSL2.50CH10_64519051,2.1825373919702308e-05,4.661038307078416
SSL2.50CH10_62334052,2.1985664060499908e-05,4.657860412306941
SSL2.50CH10_61307276,2.2170315330162565e-05,4.654228129836541
SSL2.50CH10_62388540,2.245337338269723e-05,4.6487184015902026
SSL2.50CH10_62388537,2.245337338269723e-05,4.6487184015902026
SSL2.50CH10_62388547,2.245337338269723e-05,4.6487184015902026
SSL2.50CH10_64325793,2.283636395127733e-05,4.641373044104141
SSL2.50CH10_61467624,2.311110113225869e-05,4.636179361995088
SSL2.50CH06_44713963,2.3667779521998467e-05,4.625842485061133
SSL2.50CH10_60816445,2.417537696739839e-05,4.616626745224917
SSL2.50CH10_61467593,2.4287592440586585e-05,4.61461553342828
SSL2.50CH12_40128147,2.4322653255596544e-05,4.613989051462917
SSL2.50CH10_60985616,2.4400734689040115e-05,4.612597097161578
SSL2.50CH02_51335929,2.458097439462607e-05,4.609400905590255
SSL2.50CH11_48796493,2.5272600658899777e-05,4.597350065017372
SSL2.50CH06_44713971,2.527387078984969e-05,4.597328239127368
SSL2.50CH10_64644559,2.5406068465120648e-05,4.59506253589447
SSL2.50CH02_55136674,2.652709914580929e-05,4.576310239420196
SSL2.50CH10_62349190,2.656141545785055e-05,4.575748785134057
SSL2.50CH10_61467619,2.690882579770435e-05,4.570105252838387
SSL2.50CH06_44729824,2.721504760125167e-05,4.56519090173115
SSL2.50CH10_61592568,2.758610110533328e-05,4.559309676399868
SSL2.50CH10_61307233,2.837206277404588e-05,4.5471090879327845
SSL2.50CH02_51214652,2.879399695918799e-05,4.540698045547932
SSL2.50CH02_51266102,2.9102641350744736e-05,4.536067592732469
SSL2.50CH02_51266073,2.9102641350744736e-05,4.536067592732469
SSL2.50CH06_47949786,2.9617982807634105e-05,4.528444523307908
SSL2.50CH10_64679440,2.9867529492376675e-05,4.524800698795302
SSL2.50CH02_55233115,3.0122488465594992e-05,4.521109153247074
SSL2.50CH10_64209582,3.043655708508131e-05,4.516604475538675
SSL2.50CH10_62388492,3.113065924381351e-05,4.5068116823075615
SSL2.50CH02_54377704,3.1162324701763745e-05,4.506370151529352
SSL2.50CH06_44516166,3.309636164399822e-05,4.480219746550097
SSL2.50CH06_44516098,3.309636164399822e-05,4.480219746550097
SSL2.50CH06_44516178,3.309636164399822e-05,4.480219746550097
SSL2.50CH06_47570493,3.396699365926551e-05,4.468942889837934
SSL2.50CH10_63928038,3.416405373411353e-05,4.46643060373521
SSL2.50CH02_53718859,3.427027745312906e-05,4.465082379495573
SSL2.50CH11_169418,3.795117742918546e-05,4.420774745642922
SSL2.50CH12_4621779,3.911069111185381e-05,4.407704509708504
SSL2.50CH12_4621763,3.911069111185381e-05,4.407704509708504
SSL2.50CH12_4621760,3.911069111185381e-05,4.407704509708504
SSL2.50CH12_4621773,3.911069111185381e-05,4.407704509708504
SSL2.50CH06_48153628,3.9132448657611406e-05,4.407462975886276
SSL2.50CH10_60781527,3.9489618121385335e-05,4.403517066024839
SSL2.50CH10_60781513,3.9489618121385335e-05,4.403517066024839
SSL2.50CH10_64661724,4.159991867049073e-05,4.380907518435556
SSL2.50CH10_63928028,4.172033038913218e-05,4.379652260993137
SSL2.50CH10_60907268,4.22726707975161e-05,4.373940312474247
SSL2.50CH11_169362,4.275564184498831e-05,4.369006569579579
SSL2.50CH10_64749328,4.299529406020182e-05,4.366579076409481
SSL2.50CH11_138810,4.394430484858638e-05,4.357097401206803
SSL2.50CH06_47660271,4.443919025488184e-05,4.35223386312092
SSL2.50CH06_47660229,4.499958671506202e-05,4.346791474851151
SSL2.50CH12_3471398,4.561050029532917e-05,4.340935164016261
SSL2.50CH10_61048544,4.579560375064837e-05,4.339176211045775
SSL2.50CH06_47808879,4.657051588466575e-05,4.331888951145587
SSL2.50CH10_64749341,4.801129487074577e-05,4.318656580895317
SSL2.50CH10_64749259,4.932735423598918e-05,4.306912178102125
SSL2.50CH10_62349247,4.948350162693448e-05,4.305539575747693
SSL2.50CH10_64749340,5.109714131247096e-05,4.291603396283048
SSL2.50CH06_47722001,5.1225848623965565e-05,4.290510838204412
SSL2.50CH10_64209570,5.468444475396261e-05,4.262136193195866
SSL2.50CH10_64325823,5.666466636937532e-05,4.246687663930955
SSL2.50CH06_47722055,5.727343351648041e-05,4.242046780348117
SSL2.50CH06_44516141,5.917661326514832e-05,4.227849893557707
SSL2.50CH06_48684142,6.478959325760101e-05,4.18849474650218
SSL2.50CH06_48684135,6.478959325760101e-05,4.18849474650218
SSL2.50CH10_63481176,6.794905578687944e-05,4.167816573801201
SSL2.50CH10_64661733,6.94778294866196e-05,4.158153757535072
SSL2.50CH06_48153674,7.135351643884229e-05,4.146584619152647
SSL2.50CH10_64679460,7.339090590946207e-05,4.134357751501185
SSL2.50CH06_48668636,7.453044778210063e-05,4.12766626950219
SSL2.50CH06_48668638,7.458701877392113e-05,4.127336751152267
SSL2.50CH02_51878991,7.63441452667504e-05,4.117224262809763
SSL2.50CH10_60674774,7.662844991030313e-05,4.115609959543283
SSL2.50CH11_54578322,7.971069123788736e-05,4.09848342472405
SSL2.50CH10_60585525,8.030429884512102e-05,4.095261205471722
SSL2.50CH12_5658083,9.007881706662128e-05,4.045377325698903
SSL2.50CH12_59324511,9.157539745164931e-05,4.038221187752868
SSL2.50CH11_48796532,9.36658255219624e-05,4.028418834880175
SSL2.50CH06_44403940,9.503165588272569e-05,4.022131703288548
SSL2.50CH06_44403945,9.503165588272569e-05,4.022131703288548
SSL2.50CH06_44403941,9.503165588272569e-05,4.022131703288548
SSL2.50CH11_48796536,9.52177184572334e-05,4.021282229008377
SSL2.50CH10_60464538,9.67755985514524e-05,4.014234133914571
SSL2.50CH10_64749312,9.853207230497154e-05,4.006422383127763
SSL2.50CH12_3471392,0.000100713826738,3.996910902198781
SSL2.50CH02_51376753,0.0001010094396473,3.9956380381459833
SSL2.50CH10_60674739,0.0001015491786914,3.993323584727984
SSL2.50CH11_54578334,0.000102511223849,3.9892285815462394
SSL2.50CH10_62364623,0.0001026615678876,3.9885921073093606
SSL2.50CH06_48684185,0.0001046393866711,3.9803048145677455
SSL2.50CH10_60674714,0.0001099206502953,3.958920710971946
SSL2.50CH06_48286027,0.000111079678067,3.954365387599229
SSL2.50CH11_48796513,0.0001118147575789,3.951500873442973
SSL2.50CH08_64696490,0.0001123467404738,3.949439523287276
SSL2.50CH10_64661727,0.0001139980156951,3.943102708138458
SSL2.50CH02_51376764,0.0001179841102865,3.928176478113758
SSL2.50CH10_62741784,0.0001256807785634,3.900731137605656
SSL2.50CH06_48234519,0.000126360319565,3.8983892844355066
SSL2.50CH08_64696453,0.000128040041444,3.892654193955394
SSL2.50CH10_60722795,0.0001305906777974,3.884087824022862
SSL2.50CH06_48234534,0.0001326926263056,3.877153210095319
SSL2.50CH10_62772807,0.0001336770735916,3.873943070422488
SSL2.50CH11_39079,0.0001354533840764,3.868210140373314
SSL2.50CH12_3594462,0.0001355006099611,3.868058749792034
SSL2.50CH12_3594437,0.0001376884266566,3.8611025626506223
SSL2.50CH12_62093298,0.0001404117464704,3.852596558773919
SSL2.50CH10_62772834,0.0001404287467294,3.852543980040601
SSL2.50CH06_47420134,0.0001423097995436,3.8467651930905737
SSL2.50CH10_59962072,0.0001436342593678,3.842741960651916
SSL2.50CH06_48684157,0.000144634826604,3.839727120728504
SSL2.50CH12_10742092,0.0001456756534363,3.836613025181048
SSL2.50CH06_44588798,0.0001512727374593,3.8202393339583054
SSL2.50CH11_785238,0.0001586358467045,3.799598669055692
SSL2.50CH10_62364577,0.0001590056535604,3.798587433752179
SSL2.50CH08_64671449,0.0001616494643288,3.791425730207518
SSL2.50CH06_44588744,0.0001658648444858,3.780245654142854
SSL2.50CH10_61134122,0.000166147439938,3.779506346105791
SSL2.50CH12_59324552,0.0001677834726399,3.775250821187675
SSL2.50CH06_44588761,0.0001710747181918,3.766814166736218
SSL2.50CH08_64124268,0.0001735034026282,3.76069200370784
SSL2.50CH11_39039,0.000177113744425,3.751747735273298
SSL2.50CH06_46215422,0.0001896735850388,3.721993147080058
SSL2.50CH06_44624358,0.0001918666862113,3.7170004252153
SSL2.50CH06_44624359,0.0001945154888806,3.7110458109574656
SSL2.50CH06_48364093,0.0001995879396151,3.6998657051169914
SSL2.50CH11_23975,0.0002012591277655,3.696244413825534
SSL2.50CH02_51571282,0.0002059232524409,3.6862946109505454
SSL2.50CH10_62495199,0.0002079677568201,3.682003992539868
SSL2.50CH10_62495186,0.0002079677568201,3.682003992539868
SSL2.50CH11_39121,0.0002229444270961,3.651803379163775
SSL2.50CH10_64826726,0.0002239568318275,3.6498356848168334
SSL2.50CH12_10742113,0.0002287666184281,3.640607347405876
SSL2.50CH12_10742117,0.0002287666184281,3.640607347405876
SSL2.50CH06_48558612,0.000232060748169,3.634398311914656
SSL2.50CH10_64826784,0.0002337523442564,3.6312440249793183
SSL2.50CH06_44624376,0.0002398669846136,3.620029524382423
SSL2.50CH10_62854543,0.0002450151887957,3.6108069923468458
SSL2.50CH06_44729875,0.0002471568597979,3.6070273312640175
SSL2.50CH06_47602282,0.0002477341481883,3.606014125236525
SSL2.50CH10_62854618,0.0002560201847702,3.5917257933258577
SSL2.50CH06_48340156,0.0002572115240886,3.5897095772097214
SSL2.50CH10_64826750,0.0002609428471599,3.583454603317246
SSL2.50CH12_10742101,0.0002747820694882,3.5610116099545177
SSL2.50CH10_62683341,0.0002782942869191,3.555495709170625
SSL2.50CH02_50706877,0.0002797977817358,3.553155732959595
SSL2.50CH11_54845307,0.0002853307482853,3.5446514246587717
SSL2.50CH10_62772767,0.0002857614369231,3.5439963789792253
SSL2.50CH11_24024,0.0002893063945486,3.5386419670208333
SSL2.50CH11_24019,0.0002893063945486,3.5386419670208333
SSL2.50CH06_47949867,0.000303243366651,3.5182086904064964
SSL2.50CH12_23046121,0.0003145066352915,3.502370187611066
SSL2.50CH08_64256901,0.000326615606289,3.4859630677215465
SSL2.50CH08_64256866,0.000326615606289,3.4859630677215465
SSL2.50CH02_50213158,0.0003282936718949,3.4837374885395773
SSL2.50CH02_50807831,0.0003319831316541,3.4788839826081204
SSL2.50CH06_47602297,0.0003327046620862,3.477941113455913
SSL2.50CH10_61977093,0.0003332208149096,3.477267877859303
SSL2.50CH12_62093232,0.0003389615866772,3.4698495160723395
SSL2.50CH12_3267458,0.0003428523035599,3.464892928246083
SSL2.50CH06_44463764,0.0003458975632892,3.4610524974067194
SSL2.50CH10_59838790,0.0003485330571453,3.457756024294913
SSL2.50CH10_62772763,0.0003600128845426,3.4436819559392533
SSL2.50CH10_59928909,0.0003729032013439,3.428403888239504
SSL2.50CH08_64068712,0.0003764170386764,3.424330726276412
SSL2.50CH08_64068722,0.0003764170386764,3.424330726276412
SSL2.50CH06_48340171,0.0003817038989709,3.4182734038630547
SSL2.50CH08_64092743,0.0003948376978682,3.4035813889442545
SSL2.50CH08_64092737,0.0003998150853648,3.398140823606822
SSL2.50CH12_3763563,0.0004158964760183,3.3810147594914954
SSL2.50CH08_64092693,0.0004165134408222,3.380370979417414
SSL2.50CH10_62364567,0.0004193835073024,3.3773886526221446
SSL2.50CH06_44463794,0.0004205431690129,3.376189416984154
SSL2.50CH08_64898645,0.0004239486512369,3.372686742074555
SSL2.50CH08_64159667,0.000440724340943,3.355832963001925
SSL2.50CH10_60088227,0.0004448987604426,3.3517388042624767
SSL2.50CH10_60088161,0.0004448987604426,3.3517388042624767
SSL2.50CH10_60088172,0.0004448987604426,3.3517388042624767
SSL2.50CH10_60088203,0.0004448987604426,3.3517388042624767
SSL2.50CH08_64068739,0.0004461132186667,3.350554908098927
SSL2.50CH12_4889506,0.0004523625377802,3.344513368178432
SSL2.50CH06_48558680,0.0004531002568053,3.343805691674058
SSL2.50CH06_44588834,0.0004672286419376,3.3304705420638547
SSL2.50CH08_64124186,0.0004689255858513,3.3288960703302046
SSL2.50CH08_64124189,0.0004689255858513,3.3288960703302046
SSL2.50CH10_62966611,0.0004722085718432,3.325866133584229
SSL2.50CH10_62683388,0.0004737201221929,3.3244781673688126
SSL2.50CH10_62683394,0.0004737201221929,3.3244781673688126
SSL2.50CH10_62683380,0.0004737201221929,3.3244781673688126
SSL2.50CH12_3763541,0.0004748734495857,3.323422111362856
SSL2.50CH10_59701360,0.0004784521271381,3.3201615102588
SSL2.50CH10_59823639,0.0004815321688951,3.3173746944023947
SSL2.50CH10_59823649,0.0004815321688951,3.3173746944023947
SSL2.50CH06_41586962,0.0004827137485349,3.316310331535932
SSL2.50CH10_60674792,0.0004849192388806,3.314330585168984
SSL2.50CH12_36677565,0.000497457295619,3.303244195467083
SSL2.50CH08_64291410,0.0005103551533131,3.292127495580666
SSL2.50CH10_62683353,0.000513983274202,3.28905101337812
SSL2.50CH10_60181803,0.0005183070952909,3.2854128459075205
SSL2.50CH06_47968092,0.0005210306991755,3.2831366872767846
SSL2.50CH08_64385704,0.0005327456131909,3.273480117727888
SSL2.50CH08_63333455,0.0005352749541895,3.2714230770196115
SSL2.50CH10_59895423,0.0005471239083184,3.261914306929867
SSL2.50CH10_62966575,0.0005580387688599,3.2533356280927777
SSL2.50CH02_50626341,0.000558197692454,3.253211963183402
SSL2.50CH08_63815460,0.0005643322812967,3.2484651062281444
SSL2.50CH12_62524371,0.0005728281664543,3.241975635541381
SSL2.50CH10_59761093,0.000573975724911,3.2411064747799205
SSL2.50CH10_64227682,0.0005763891317641,3.2392842167187994
SSL2.50CH10_59823667,0.0005818845727351,3.235163156923821
SSL2.50CH02_50499308,0.0006008345503946,3.2212451016125265
SSL2.50CH12_62855622,0.0006111005961986,3.213887292575961
SSL2.50CH12_62817772,0.0006127180257123,3.212739342856833
SSL2.50CH08_64898580,0.0006128669924379,3.2126337680883466
SSL2.50CH12_4889483,0.0006191204426589,3.20822485583621
SSL2.50CH12_39709209,0.000624113829072,3.2047361942447004
SSL2.50CH12_4905573,0.000625711538023,3.203625836626211
SSL2.50CH12_4821220,0.0006294759953704,3.201020826758574
SSL2.50CH08_64403220,0.0006333905433637,3.1983284250114767
SSL2.50CH08_64403215,0.0006333905433637,3.1983284250114767
SSL2.50CH08_64272149,0.0006458280834229,3.189883073889222
SSL2.50CH06_44022612,0.0006459404614629,3.189807510564882
SSL2.50CH06_44022620,0.0006459404614629,3.189807510564882
SSL2.50CH12_62298032,0.0006631565688559,3.178383924140285
SSL2.50CH12_3763537,0.0006751707161028,3.170586402446904
SSL2.50CH06_49316805,0.0006913997074488,3.1602708085560693
SSL2.50CH06_48474536,0.0006977245519467,3.1563159945393195
SSL2.50CH10_59701324,0.0006992507253222,3.1553670744691007
SSL2.50CH06_41828065,0.0007015106102028,3.153965755971733
SSL2.50CH06_48744785,0.0007151683896188,3.145591689566587
SSL2.50CH10_59895501,0.0007164191649871,3.144832804820753
SSL2.50CH06_48939203,0.0007272307744017,3.138327751251893
SSL2.50CH10_59761018,0.0007332350939101,3.1347567571211807
SSL2.50CH02_50254825,0.0007348011639523,3.133830164427058
SSL2.50CH12_62281035,0.0007383650370414,3.1317288761471804
SSL2.50CH02_50807815,0.0007407826475769,3.1303091993145533
SSL2.50CH08_64291439,0.0007444788318212,3.1281476462716653
SSL2.50CH06_44255771,0.0007487891226817,3.1256404730220977
SSL2.50CH06_44255785,0.0007487891226817,3.1256404730220977
SSL2.50CH10_64227752,0.0007497311042796,3.1250944710975945
SSL2.50CH06_44272450,0.0007556640930399,3.121671213702692
SSL2.50CH06_44272401,0.0007556640930399,3.121671213702692
SSL2.50CH06_44382656,0.0007812929163788,3.107186113219583
SSL2.50CH06_44382594,0.0007812929163788,3.107186113219583
SSL2.50CH06_49071396,0.0007816215395194,3.107003481063145
SSL2.50CH06_44423675,0.0007885388244237,3.10317691892618
SSL2.50CH06_40395592,0.0008049517718348,3.094230139325855
SSL2.50CH10_62726111,0.0008230496398356,3.084573970794331
SSL2.50CH10_62726167,0.0008230496398356,3.084573970794331
SSL2.50CH10_62726136,0.0008230496398356,3.084573970794331
SSL2.50CH10_62726145,0.0008230496398356,3.084573970794331
SSL2.50CH10_62726119,0.0008230496398356,3.084573970794331
SSL2.50CH10_59838845,0.000823954842002,3.084096589767382
SSL2.50CH12_62298006,0.0008322103602577,3.0797668819404
SSL2.50CH11_51045067,0.0008396811685542,3.075885586583967
SSL2.50CH12_62297983,0.000845937602873,3.0726616697355564
SSL2.50CH12_62297992,0.000845937602873,3.0726616697355564
SSL2.50CH08_64825106,0.0008576152211982,3.0667075196012137
SSL2.50CH08_64825128,0.0008576152211982,3.0667075196012137
SSL2.50CH12_38039720,0.0008662306921974,3.062366432455828
SSL2.50CH12_61901007,0.0008668043587679,3.0620789134757844
SSL2.50CH08_64752434,0.0009055250146087,3.043099548048446
SSL2.50CH08_63680155,0.0009141774048828,3.038969517082957
SSL2.50CH10_62966562,0.0009149803978039,3.0385882099955914
SSL2.50CH12_9916585,0.0009210259774426,3.0357281203993782
SSL2.50CH12_37322106,0.0009224579839286,3.035053405942351
SSL2.50CH12_62298021,0.0009351381559972,3.029124222330868
SSL2.50CH08_64752500,0.000936784434742,3.028360333949575
SSL2.50CH04_45582236,0.0009491173504572,3.022680087356458
SSL2.50CH10_60181730,0.0009497731584346,3.0223801081888664
SSL2.50CH10_60181732,0.0009497731584346,3.0223801081888664
SSL2.50CH06_49071413,0.0009767047331071,3.0102367076868566
SSL2.50CH12_59324566,0.0009849342115846,3.006592777116572
SSL2.50CH12_59324564,0.0009849342115846,3.006592777116572
SSL2.50CH06_44202724,0.000989638585147,3.0045233802850104
SSL2.50CH12_37922864,0.0009924562821288,3.0032886148906544
SSL2.50CH12_59324522,0.0010196534602052,2.9915474026422757
SSL2.50CH12_59324528,0.0010196534602052,2.9915474026422757
SSL2.50CH06_44187303,0.0010205048118333,2.9911849431794324
SSL2.50CH06_48791832,0.0010244730713313,2.989499452710214
SSL2.50CH08_64291376,0.0010307424403226,2.9868498417201184
SSL2.50CH06_48459524,0.0010515011173327,2.9781902614929368
SSL2.50CH06_48974065,0.0010524226729169,2.977809804242113
SSL2.50CH10_59527406,0.0010721652640473,2.9697382671321093
SSL2.50CH12_5570092,0.0010866730881865,2.9639010882507417
SSL2.50CH12_62817832,0.0010976500748383,2.9595360886545112
SSL2.50CH06_44423633,0.0011281599930192,2.947629305354323
SSL2.50CH06_44423613,0.0011308732157069,2.9465860819050405
SSL2.50CH06_48153664,0.0011453686340616,2.941054714221184
SSL2.50CH06_44187309,0.0011578385760543,2.9363519850089337
SSL2.50CH08_63382310,0.0011663035893177,2.933188387823959
SSL2.50CH12_4821229,0.0011811621536296,2.927690476990679
SSL2.50CH12_4821219,0.0011811621536296,2.927690476990679
SSL2.50CH12_4821230,0.0011888755882148,2.92486359044334
SSL2.50CH12_62093226,0.0011938213703754,2.923060651149612
SSL2.50CH08_63506720,0.0012002955505678,2.920711803805044
SSL2.50CH09_2800337,0.0012043981180614,2.9192299317678616
SSL2.50CH06_48791805,0.0012355012918875,2.908156796146681
SSL2.50CH08_63578348,0.0012373011797431,2.907524572982292
SSL2.50CH06_49014659,0.0012439421887154,2.905199802688022
SSL2.50CH10_62966640,0.0012481589631872,2.903730100199523
SSL2.50CH02_50626361,0.0012643995421053,2.8981156701095343
SSL2.50CH02_54315941,0.001266945313424,2.8972421306498823
SSL2.50CH12_36677593,0.0012684398458938,2.8967301238035588
SSL2.50CH10_60300281,0.001292548097079,2.888553287377244
SSL2.50CH12_39709257,0.0012949406626239,2.887750131571449
SSL2.50CH02_46324683,0.001295037749611,2.8877175719620074
SSL2.50CH06_49014608,0.0012964207049415,2.8872540415321013
SSL2.50CH12_39709255,0.0012994813534616,2.886229947903482
SSL2.50CH09_2734369,0.0013455575947858,2.871097708110296
SSL2.50CH02_50213163,0.0013694852460009,2.863442642208763
SSL2.50CH08_64068782,0.0013755660328526,2.861518556844499
SSL2.50CH12_62975968,0.0014043131846402,2.852536026683964
SSL2.50CH08_63680205,0.0014166886249874,2.848725593160891
SSL2.50CH02_50706950,0.001422910532561,2.8468224059147067
